timestep,slice_id,prb_decision,sched_decision,tx_brate,tx_pckts,dl_buffer
2,0,"dec(prb, C1)",const(sched),"inc(tx_brate, Q4)","inc(tx_pckts, Q4)","inc(dl_buffer, Q4)"
2,1,"dec(prb, C1)",toRR(sched),"inc(tx_brate, Q4)","inc(tx_pckts, Q4)","const(dl_buffer, Q1)"
2,2,"inc(prb, C4)",const(sched),"inc(tx_brate, Q4)","inc(tx_pckts, Q4)","const(dl_buffer, Q1)"
3,0,"const(prb, C1)",const(sched),"const(tx_brate, Q4)","const(tx_pckts, Q4)","inc(dl_buffer, Q4)"
3,1,"const(prb, C1)",toPF(sched),"inc(tx_brate, Q3)","inc(tx_pckts, Q3)","const(dl_buffer, Q1)"
3,2,"const(prb, C4)",const(sched),"inc(tx_brate, Q3)","inc(tx_pckts, Q3)","const(dl_buffer, Q1)"
4,0,"const(prb, C1)",const(sched),"const(tx_brate, Q4)","const(tx_pckts, Q4)","const(dl_buffer, Q4)"
4,1,"const(prb, C1)",const(sched),"dec(tx_brate, Q2)","inc(tx_pckts, Q3)","inc(dl_buffer, Q4)"
4,2,"const(prb, C4)",const(sched),"const(tx_brate, Q3)","inc(tx_pckts, Q3)","const(dl_buffer, Q1)"
5,0,"const(prb, C1)",const(sched),"dec(tx_brate, Q4)","const(tx_pckts, Q4)","const(dl_buffer, Q4)"
5,1,"const(prb, C1)",const(sched),"inc(tx_brate, Q2)","dec(tx_pckts, Q2)","dec(dl_buffer, Q1)"
5,2,"const(prb, C4)",const(sched),"const(tx_brate, Q3)","dec(tx_pckts, Q2)","inc(dl_buffer, Q3)"
6,0,"const(prb, C1)",const(sched),"const(tx_brate, Q4)","const(tx_pckts, Q4)","const(dl_buffer, Q4)"
6,1,"const(prb, C1)",const(sched),"inc(tx_brate, Q2)","const(tx_pckts, Q2)","inc(dl_buffer, Q3)"
6,2,"const(prb, C4)",const(sched),"const(tx_brate, Q3)","const(tx_pckts, Q2)","inc(dl_buffer, Q3)"
7,0,"const(prb, C1)",const(sched),"const(tx_brate, Q4)","const(tx_pckts, Q4)","const(dl_buffer, Q4)"
7,1,"const(prb, C1)",const(sched),"dec(tx_brate, Q2)","const(tx_pckts, Q3)","dec(dl_buffer, Q1)"
7,2,"const(prb, C4)",const(sched),"const(tx_brate, Q3)","const(tx_pckts, Q2)","const(dl_buffer, Q2)"
8,0,"const(prb, C1)",const(sched),"const(tx_brate, Q4)","const(tx_pckts, Q4)","const(dl_buffer, Q4)"
8,1,"const(prb, C1)",const(sched),"inc(tx_brate, Q2)","const(tx_pckts, Q2)","const(dl_buffer, Q1)"
8,2,"const(prb, C4)",const(sched),"const(tx_brate, Q3)","const(tx_pckts, Q2)","inc(dl_buffer, Q2)"
9,0,"const(prb, C1)",const(sched),"const(tx_brate, Q4)","const(tx_pckts, Q4)","const(dl_buffer, Q4)"
9,1,"const(prb, C1)",const(sched),"dec(tx_brate, Q2)","inc(tx_pckts, Q3)","const(dl_buffer, Q1)"
9,2,"const(prb, C4)",const(sched),"const(tx_brate, Q3)","const(tx_pckts, Q2)","dec(dl_buffer, Q1)"
10,0,"const(prb, C1)",const(sched),"const(tx_brate, Q4)","const(tx_pckts, Q4)","const(dl_buffer, Q4)"
10,1,"const(prb, C1)",const(sched),"inc(tx_brate, Q2)","dec(tx_pckts, Q2)","const(dl_buffer, Q1)"
10,2,"const(prb, C4)",const(sched),"const(tx_brate, Q3)","const(tx_pckts, Q2)","const(dl_buffer, Q1)"
11,0,"const(prb, C1)",const(sched),"const(tx_brate, Q4)","const(tx_pckts, Q4)","const(dl_buffer, Q4)"
11,1,"const(prb, C1)",const(sched),"const(tx_brate, Q2)","inc(tx_pckts, Q3)","const(dl_buffer, Q1)"
11,2,"const(prb, C4)",const(sched),"dec(tx_brate, Q2)","dec(tx_pckts, Q2)","inc(dl_buffer, Q2)"
12,0,"const(prb, C1)",const(sched),"const(tx_brate, Q4)","const(tx_pckts, Q4)","const(dl_buffer, Q4)"
12,1,"const(prb, C1)",const(sched),"dec(tx_brate, Q2)","dec(tx_pckts, Q2)","inc(dl_buffer, Q2)"
12,2,"const(prb, C4)",const(sched),"inc(tx_brate, Q3)","inc(tx_pckts, Q2)","dec(dl_buffer, Q1)"
13,0,"const(prb, C1)",const(sched),"const(tx_brate, Q4)","const(tx_pckts, Q4)","const(dl_buffer, Q4)"
13,1,"const(prb, C1)",const(sched),"const(tx_brate, Q1)","inc(tx_pckts, Q2)","inc(dl_buffer, Q2)"
13,2,"const(prb, C4)",const(sched),"dec(tx_brate, Q3)","const(tx_pckts, Q2)","const(dl_buffer, Q1)"
14,0,"const(prb, C1)",const(sched),"const(tx_brate, Q4)","const(tx_pckts, Q4)","const(dl_buffer, Q4)"
14,1,"const(prb, C1)",const(sched),"inc(tx_brate, Q2)","inc(tx_pckts, Q2)","dec(dl_buffer, Q2)"
14,2,"const(prb, C4)",const(sched),"dec(tx_brate, Q2)","dec(tx_pckts, Q2)","inc(dl_buffer, Q2)"
15,0,"const(prb, C1)",const(sched),"dec(tx_brate, Q4)","const(tx_pckts, Q4)","const(dl_buffer, Q4)"
15,1,"const(prb, C1)",const(sched),"const(tx_brate, Q2)","inc(tx_pckts, Q3)","inc(dl_buffer, Q2)"
15,2,"const(prb, C4)",const(sched),"inc(tx_brate, Q3)","inc(tx_pckts, Q3)","dec(dl_buffer, Q1)"
16,0,"const(prb, C1)",const(sched),"const(tx_brate, Q4)","const(tx_pckts, Q4)","const(dl_buffer, Q4)"
16,1,"const(prb, C1)",const(sched),"dec(tx_brate, Q1)","dec(tx_pckts, Q3)","dec(dl_buffer, Q1)"
16,2,"const(prb, C4)",const(sched),"dec(tx_brate, Q3)","dec(tx_pckts, Q2)","const(dl_buffer, Q1)"
17,0,"const(prb, C1)",const(sched),"const(tx_brate, Q4)","const(tx_pckts, Q4)","const(dl_buffer, Q4)"
17,1,"const(prb, C1)",const(sched),"const(tx_brate, Q1)","dec(tx_pckts, Q2)","inc(dl_buffer, Q2)"
17,2,"const(prb, C4)",const(sched),"inc(tx_brate, Q3)","inc(tx_pckts, Q2)","inc(dl_buffer, Q2)"
18,0,"const(prb, C1)",const(sched),"dec(tx_brate, Q4)","const(tx_pckts, Q4)","const(dl_buffer, Q4)"
18,1,"const(prb, C1)",const(sched),"const(tx_brate, Q1)","inc(tx_pckts, Q3)","dec(dl_buffer, Q1)"
18,2,"const(prb, C4)",const(sched),"const(tx_brate, Q3)","dec(tx_pckts, Q2)","inc(dl_buffer, Q2)"
19,0,"const(prb, C1)",const(sched),"const(tx_brate, Q4)","const(tx_pckts, Q4)","const(dl_buffer, Q4)"
19,1,"const(prb, C1)",const(sched),"const(tx_brate, Q1)","dec(tx_pckts, Q1)","const(dl_buffer, Q1)"
19,2,"const(prb, C4)",const(sched),"inc(tx_brate, Q3)","inc(tx_pckts, Q3)","dec(dl_buffer, Q1)"
20,0,"const(prb, C1)",const(sched),"const(tx_brate, Q4)","const(tx_pckts, Q4)","const(dl_buffer, Q4)"
20,1,"const(prb, C1)",const(sched),"const(tx_brate, Q1)","inc(tx_pckts, Q3)","inc(dl_buffer, Q2)"
20,2,"const(prb, C4)",const(sched),"dec(tx_brate, Q3)","const(tx_pckts, Q3)","const(dl_buffer, Q1)"
21,0,"const(prb, C1)",const(sched),"const(tx_brate, Q4)","const(tx_pckts, Q4)","const(dl_buffer, Q4)"
21,1,"const(prb, C1)",const(sched),"inc(tx_brate, Q2)","inc(tx_pckts, Q3)","dec(dl_buffer, Q1)"
21,2,"const(prb, C4)",const(sched),"const(tx_brate, Q3)","dec(tx_pckts, Q2)","inc(dl_buffer, Q2)"
22,0,"const(prb, C1)",const(sched),"inc(tx_brate, Q4)","const(tx_pckts, Q4)","const(dl_buffer, Q4)"
22,1,"const(prb, C1)",const(sched),"dec(tx_brate, Q1)","dec(tx_pckts, Q1)","const(dl_buffer, Q1)"
22,2,"const(prb, C4)",const(sched),"dec(tx_brate, Q2)","const(tx_pckts, Q1)","dec(dl_buffer, Q1)"
23,0,"const(prb, C1)",const(sched),"const(tx_brate, Q4)","const(tx_pckts, Q4)","const(dl_buffer, Q4)"
23,1,"const(prb, C1)",const(sched),"inc(tx_brate, Q2)","const(tx_pckts, Q1)","const(dl_buffer, Q1)"
23,2,"const(prb, C4)",const(sched),"const(tx_brate, Q2)","const(tx_pckts, Q1)","inc(dl_buffer, Q2)"
24,0,"const(prb, C1)",const(sched),"dec(tx_brate, Q4)","const(tx_pckts, Q4)","const(dl_buffer, Q4)"
24,1,"const(prb, C1)",const(sched),"const(tx_brate, Q2)","inc(tx_pckts, Q3)","const(dl_buffer, Q1)"
24,2,"const(prb, C4)",const(sched),"inc(tx_brate, Q3)","const(tx_pckts, Q2)","const(dl_buffer, Q2)"
25,0,"const(prb, C1)",const(sched),"const(tx_brate, Q4)","const(tx_pckts, Q4)","const(dl_buffer, Q4)"
25,1,"const(prb, C1)",const(sched),"const(tx_brate, Q2)","dec(tx_pckts, Q3)","inc(dl_buffer, Q2)"
25,2,"const(prb, C4)",const(sched),"dec(tx_brate, Q2)","dec(tx_pckts, Q1)","const(dl_buffer, Q2)"
26,0,"const(prb, C1)",const(sched),"const(tx_brate, Q4)","const(tx_pckts, Q4)","const(dl_buffer, Q4)"
26,1,"const(prb, C1)",const(sched),"const(tx_brate, Q2)","inc(tx_pckts, Q3)","dec(dl_buffer, Q2)"
26,2,"const(prb, C4)",const(sched),"const(tx_brate, Q2)","const(tx_pckts, Q1)","dec(dl_buffer, Q2)"
27,0,"const(prb, C1)",const(sched),"const(tx_brate, Q4)","const(tx_pckts, Q4)","const(dl_buffer, Q4)"
27,1,"const(prb, C1)",const(sched),"inc(tx_brate, Q2)","const(tx_pckts, Q3)","inc(dl_buffer, Q2)"
27,2,"const(prb, C4)",const(sched),"const(tx_brate, Q2)","const(tx_pckts, Q1)","dec(dl_buffer, Q2)"
28,0,"const(prb, C1)",const(sched),"const(tx_brate, Q4)","const(tx_pckts, Q4)","const(dl_buffer, Q4)"
28,1,"const(prb, C1)",const(sched),"dec(tx_brate, Q1)","dec(tx_pckts, Q2)","dec(dl_buffer, Q1)"
28,2,"const(prb, C4)",const(sched),"const(tx_brate, Q2)","inc(tx_pckts, Q2)","inc(dl_buffer, Q2)"
29,0,"const(prb, C1)",const(sched),"const(tx_brate, Q4)","const(tx_pckts, Q4)","const(dl_buffer, Q4)"
29,1,"const(prb, C1)",const(sched),"const(tx_brate, Q1)","dec(tx_pckts, Q2)","inc(dl_buffer, Q2)"
29,2,"const(prb, C4)",const(sched),"const(tx_brate, Q3)","const(tx_pckts, Q2)","dec(dl_buffer, Q1)"
30,0,"const(prb, C1)",const(sched),"const(tx_brate, Q4)","const(tx_pckts, Q4)","const(dl_buffer, Q4)"
30,1,"const(prb, C1)",const(sched),"const(tx_brate, Q1)","inc(tx_pckts, Q2)","inc(dl_buffer, Q2)"
30,2,"const(prb, C4)",const(sched),"const(tx_brate, Q3)","const(tx_pckts, Q1)","inc(dl_buffer, Q2)"
31,0,"const(prb, C1)",const(sched),"const(tx_brate, Q4)","const(tx_pckts, Q4)","const(dl_buffer, Q4)"
31,1,"const(prb, C1)",const(sched),"const(tx_brate, Q1)","inc(tx_pckts, Q3)","inc(dl_buffer, Q2)"
31,2,"const(prb, C4)",const(sched),"const(tx_brate, Q2)","dec(tx_pckts, Q1)","dec(dl_buffer, Q1)"
32,0,"const(prb, C1)",const(sched),"const(tx_brate, Q4)","const(tx_pckts, Q4)","const(dl_buffer, Q4)"
32,1,"const(prb, C1)",const(sched),"dec(tx_brate, Q1)","dec(tx_pckts, Q1)","dec(dl_buffer, Q1)"
32,2,"const(prb, C4)",const(sched),"const(tx_brate, Q2)","const(tx_pckts, Q1)","const(dl_buffer, Q1)"
33,0,"const(prb, C1)",const(sched),"dec(tx_brate, Q4)","const(tx_pckts, Q4)","const(dl_buffer, Q4)"
33,1,"const(prb, C1)",const(sched),"inc(tx_brate, Q1)","inc(tx_pckts, Q3)","inc(dl_buffer, Q2)"
33,2,"const(prb, C4)",const(sched),"inc(tx_brate, Q3)","inc(tx_pckts, Q3)","const(dl_buffer, Q1)"
34,0,"const(prb, C1)",const(sched),"const(tx_brate, Q4)","const(tx_pckts, Q4)","const(dl_buffer, Q4)"
34,1,"const(prb, C1)",const(sched),"dec(tx_brate, Q1)","const(tx_pckts, Q3)","dec(dl_buffer, Q2)"
34,2,"const(prb, C4)",const(sched),"dec(tx_brate, Q3)","dec(tx_pckts, Q1)","inc(dl_buffer, Q2)"
35,0,"const(prb, C1)",const(sched),"const(tx_brate, Q4)","const(tx_pckts, Q4)","const(dl_buffer, Q4)"
35,1,"const(prb, C1)",const(sched),"dec(tx_brate, Q1)","dec(tx_pckts, Q1)","dec(dl_buffer, Q1)"
35,2,"const(prb, C4)",const(sched),"inc(tx_brate, Q3)","inc(tx_pckts, Q2)","dec(dl_buffer, Q1)"
36,0,"const(prb, C1)",const(sched),"const(tx_brate, Q4)","const(tx_pckts, Q4)","const(dl_buffer, Q4)"
36,1,"const(prb, C1)",const(sched),"inc(tx_brate, Q1)","inc(tx_pckts, Q3)","inc(dl_buffer, Q2)"
36,2,"const(prb, C4)",const(sched),"dec(tx_brate, Q3)","dec(tx_pckts, Q1)","const(dl_buffer, Q1)"
37,0,"const(prb, C1)",const(sched),"const(tx_brate, Q4)","const(tx_pckts, Q4)","const(dl_buffer, Q4)"
37,1,"const(prb, C1)",const(sched),"inc(tx_brate, Q1)","dec(tx_pckts, Q2)","dec(dl_buffer, Q1)"
37,2,"const(prb, C4)",const(sched),"const(tx_brate, Q3)","const(tx_pckts, Q1)","inc(dl_buffer, Q2)"
38,0,"const(prb, C1)",const(sched),"dec(tx_brate, Q4)","const(tx_pckts, Q4)","const(dl_buffer, Q4)"
38,1,"const(prb, C1)",const(sched),"dec(tx_brate, Q1)","dec(tx_pckts, Q1)","const(dl_buffer, Q1)"
38,2,"const(prb, C4)",const(sched),"inc(tx_brate, Q3)","inc(tx_pckts, Q2)","dec(dl_buffer, Q1)"
39,0,"const(prb, C1)",const(sched),"const(tx_brate, Q4)","const(tx_pckts, Q4)","const(dl_buffer, Q4)"
39,1,"const(prb, C1)",const(sched),"inc(tx_brate, Q1)","inc(tx_pckts, Q2)","inc(dl_buffer, Q2)"
39,2,"const(prb, C4)",const(sched),"const(tx_brate, Q3)","inc(tx_pckts, Q2)","const(dl_buffer, Q1)"
40,0,"const(prb, C1)",const(sched),"const(tx_brate, Q4)","const(tx_pckts, Q4)","const(dl_buffer, Q4)"
40,1,"const(prb, C1)",const(sched),"dec(tx_brate, Q1)","inc(tx_pckts, Q3)","inc(dl_buffer, Q3)"
40,2,"const(prb, C4)",const(sched),"const(tx_brate, Q3)","const(tx_pckts, Q2)","inc(dl_buffer, Q3)"
41,0,"const(prb, C1)",const(sched),"dec(tx_brate, Q4)","const(tx_pckts, Q4)","const(dl_buffer, Q4)"
41,1,"const(prb, C1)",const(sched),"inc(tx_brate, Q2)","dec(tx_pckts, Q2)","dec(dl_buffer, Q2)"
41,2,"const(prb, C4)",const(sched),"const(tx_brate, Q3)","const(tx_pckts, Q2)","dec(dl_buffer, Q1)"
42,0,"const(prb, C1)",const(sched),"inc(tx_brate, Q4)","const(tx_pckts, Q4)","const(dl_buffer, Q4)"
42,1,"const(prb, C1)",const(sched),"const(tx_brate, Q1)","const(tx_pckts, Q2)","dec(dl_buffer, Q1)"
42,2,"const(prb, C4)",const(sched),"const(tx_brate, Q3)","const(tx_pckts, Q2)","const(dl_buffer, Q1)"
43,0,"const(prb, C1)",const(sched),"dec(tx_brate, Q4)","const(tx_pckts, Q4)","const(dl_buffer, Q4)"
43,1,"const(prb, C1)",const(sched),"const(tx_brate, Q2)","inc(tx_pckts, Q3)","inc(dl_buffer, Q3)"
43,2,"const(prb, C4)",const(sched),"const(tx_brate, Q3)","const(tx_pckts, Q2)","inc(dl_buffer, Q2)"
44,0,"const(prb, C1)",const(sched),"const(tx_brate, Q4)","const(tx_pckts, Q4)","const(dl_buffer, Q4)"
44,1,"const(prb, C1)",const(sched),"const(tx_brate, Q2)","dec(tx_pckts, Q2)","inc(dl_buffer, Q2)"
44,2,"const(prb, C4)",const(sched),"const(tx_brate, Q2)","dec(tx_pckts, Q1)","dec(dl_buffer, Q1)"
45,0,"const(prb, C1)",const(sched),"inc(tx_brate, Q4)","const(tx_pckts, Q4)","const(dl_buffer, Q4)"
45,1,"const(prb, C1)",const(sched),"dec(tx_brate, Q1)","dec(tx_pckts, Q1)","dec(dl_buffer, Q3)"
45,2,"const(prb, C4)",const(sched),"inc(tx_brate, Q3)","inc(tx_pckts, Q2)","inc(dl_buffer, Q3)"
46,0,"const(prb, C1)",const(sched),"const(tx_brate, Q4)","const(tx_pckts, Q4)","const(dl_buffer, Q4)"
46,1,"const(prb, C1)",const(sched),"inc(tx_brate, Q2)","inc(tx_pckts, Q3)","dec(dl_buffer, Q2)"
46,2,"const(prb, C4)",const(sched),"dec(tx_brate, Q2)","dec(tx_pckts, Q1)","inc(dl_buffer, Q2)"
47,0,"const(prb, C1)",const(sched),"const(tx_brate, Q4)","const(tx_pckts, Q4)","const(dl_buffer, Q4)"
47,1,"const(prb, C1)",const(sched),"dec(tx_brate, Q1)","dec(tx_pckts, Q2)","inc(dl_buffer, Q2)"
47,2,"const(prb, C4)",const(sched),"inc(tx_brate, Q3)","inc(tx_pckts, Q2)","const(dl_buffer, Q2)"
48,0,"const(prb, C1)",const(sched),"const(tx_brate, Q4)","const(tx_pckts, Q4)","const(dl_buffer, Q4)"
48,1,"const(prb, C1)",const(sched),"const(tx_brate, Q1)","inc(tx_pckts, Q3)","inc(dl_buffer, Q2)"
48,2,"const(prb, C4)",const(sched),"dec(tx_brate, Q2)","dec(tx_pckts, Q1)","dec(dl_buffer, Q1)"
49,0,"const(prb, C1)",const(sched),"const(tx_brate, Q4)","const(tx_pckts, Q4)","const(dl_buffer, Q4)"
49,1,"const(prb, C1)",const(sched),"const(tx_brate, Q1)","dec(tx_pckts, Q2)","dec(dl_buffer, Q2)"
49,2,"const(prb, C4)",const(sched),"const(tx_brate, Q2)","const(tx_pckts, Q1)","inc(dl_buffer, Q2)"
50,0,"const(prb, C1)",const(sched),"const(tx_brate, Q4)","const(tx_pckts, Q4)","const(dl_buffer, Q4)"
50,1,"const(prb, C1)",const(sched),"inc(tx_brate, Q2)","const(tx_pckts, Q2)","inc(dl_buffer, Q2)"
50,2,"const(prb, C4)",const(sched),"inc(tx_brate, Q3)","inc(tx_pckts, Q2)","dec(dl_buffer, Q1)"
51,0,"const(prb, C1)",const(sched),"dec(tx_brate, Q4)","const(tx_pckts, Q4)","const(dl_buffer, Q4)"
51,1,"const(prb, C1)",const(sched),"const(tx_brate, Q1)","inc(tx_pckts, Q3)","inc(dl_buffer, Q2)"
51,2,"const(prb, C4)",const(sched),"dec(tx_brate, Q3)","dec(tx_pckts, Q1)","const(dl_buffer, Q1)"
52,0,"const(prb, C1)",const(sched),"inc(tx_brate, Q4)","const(tx_pckts, Q4)","const(dl_buffer, Q4)"
52,1,"const(prb, C1)",const(sched),"const(tx_brate, Q1)","dec(tx_pckts, Q3)","dec(dl_buffer, Q2)"
52,2,"const(prb, C4)",const(sched),"const(tx_brate, Q3)","inc(tx_pckts, Q2)","inc(dl_buffer, Q2)"
53,0,"const(prb, C1)",const(sched),"const(tx_brate, Q4)","const(tx_pckts, Q4)","const(dl_buffer, Q4)"
53,1,"const(prb, C1)",const(sched),"const(tx_brate, Q1)","dec(tx_pckts, Q1)","dec(dl_buffer, Q2)"
53,2,"const(prb, C4)",const(sched),"dec(tx_brate, Q2)","dec(tx_pckts, Q1)","dec(dl_buffer, Q1)"
54,0,"const(prb, C1)",const(sched),"dec(tx_brate, Q4)","const(tx_pckts, Q4)","const(dl_buffer, Q4)"
54,1,"const(prb, C1)",const(sched),"const(tx_brate, Q1)","inc(tx_pckts, Q3)","dec(dl_buffer, Q2)"
54,2,"const(prb, C4)",const(sched),"inc(tx_brate, Q2)","inc(tx_pckts, Q1)","inc(dl_buffer, Q2)"
55,0,"const(prb, C1)",const(sched),"const(tx_brate, Q4)","const(tx_pckts, Q4)","const(dl_buffer, Q4)"
55,1,"const(prb, C1)",const(sched),"const(tx_brate, Q1)","dec(tx_pckts, Q2)","dec(dl_buffer, Q2)"
55,2,"const(prb, C4)",const(sched),"const(tx_brate, Q2)","const(tx_pckts, Q1)","dec(dl_buffer, Q1)"
56,0,"const(prb, C1)",const(sched),"const(tx_brate, Q4)","const(tx_pckts, Q4)","const(dl_buffer, Q4)"
56,1,"const(prb, C1)",const(sched),"dec(tx_brate, Q1)","const(tx_pckts, Q3)","inc(dl_buffer, Q2)"
56,2,"const(prb, C4)",const(sched),"const(tx_brate, Q2)","const(tx_pckts, Q1)","const(dl_buffer, Q1)"
57,0,"const(prb, C1)",const(sched),"const(tx_brate, Q4)","const(tx_pckts, Q4)","const(dl_buffer, Q4)"
57,1,"const(prb, C1)",const(sched),"const(tx_brate, Q1)","inc(tx_pckts, Q3)","dec(dl_buffer, Q1)"
57,2,"const(prb, C4)",const(sched),"const(tx_brate, Q3)","const(tx_pckts, Q2)","const(dl_buffer, Q1)"
58,0,"const(prb, C1)",const(sched),"const(tx_brate, Q4)","const(tx_pckts, Q4)","const(dl_buffer, Q4)"
58,1,"const(prb, C1)",const(sched),"inc(tx_brate, Q1)","dec(tx_pckts, Q1)","const(dl_buffer, Q1)"
58,2,"const(prb, C4)",const(sched),"inc(tx_brate, Q3)","const(tx_pckts, Q2)","const(dl_buffer, Q1)"
59,0,"const(prb, C1)",const(sched),"const(tx_brate, Q4)","const(tx_pckts, Q4)","const(dl_buffer, Q4)"
59,1,"const(prb, C1)",const(sched),"inc(tx_brate, Q2)","inc(tx_pckts, Q3)","const(dl_buffer, Q1)"
59,2,"const(prb, C4)",const(sched),"dec(tx_brate, Q2)","dec(tx_pckts, Q1)","const(dl_buffer, Q1)"
60,0,"const(prb, C1)",const(sched),"const(tx_brate, Q4)","const(tx_pckts, Q4)","const(dl_buffer, Q4)"
60,1,"const(prb, C1)",const(sched),"dec(tx_brate, Q1)","dec(tx_pckts, Q1)","const(dl_buffer, Q1)"
60,2,"const(prb, C4)",const(sched),"const(tx_brate, Q2)","const(tx_pckts, Q1)","const(dl_buffer, Q1)"
61,0,"const(prb, C1)",const(sched),"dec(tx_brate, Q4)","const(tx_pckts, Q4)","const(dl_buffer, Q4)"
61,1,"const(prb, C1)",const(sched),"const(tx_brate, Q1)","inc(tx_pckts, Q3)","inc(dl_buffer, Q2)"
61,2,"const(prb, C4)",const(sched),"inc(tx_brate, Q2)","inc(tx_pckts, Q1)","const(dl_buffer, Q1)"
62,0,"const(prb, C1)",const(sched),"const(tx_brate, Q4)","const(tx_pckts, Q4)","const(dl_buffer, Q4)"
62,1,"const(prb, C1)",const(sched),"inc(tx_brate, Q2)","const(tx_pckts, Q3)","dec(dl_buffer, Q1)"
62,2,"const(prb, C4)",const(sched),"dec(tx_brate, Q2)","const(tx_pckts, Q1)","const(dl_buffer, Q1)"
63,0,"const(prb, C1)",const(sched),"const(tx_brate, Q4)","const(tx_pckts, Q4)","const(dl_buffer, Q4)"
63,1,"const(prb, C1)",const(sched),"const(tx_brate, Q2)","inc(tx_pckts, Q3)","const(dl_buffer, Q1)"
63,2,"const(prb, C4)",const(sched),"const(tx_brate, Q2)","const(tx_pckts, Q1)","inc(dl_buffer, Q2)"
64,0,"const(prb, C1)",const(sched),"inc(tx_brate, Q4)","const(tx_pckts, Q4)","const(dl_buffer, Q4)"
64,1,"const(prb, C1)",const(sched),"dec(tx_brate, Q1)","dec(tx_pckts, Q2)","inc(dl_buffer, Q2)"
64,2,"const(prb, C4)",const(sched),"inc(tx_brate, Q3)","inc(tx_pckts, Q2)","inc(dl_buffer, Q2)"
65,0,"const(prb, C1)",const(sched),"const(tx_brate, Q4)","const(tx_pckts, Q4)","const(dl_buffer, Q4)"
65,1,"const(prb, C1)",const(sched),"inc(tx_brate, Q1)","const(tx_pckts, Q2)","dec(dl_buffer, Q2)"
65,2,"const(prb, C4)",const(sched),"const(tx_brate, Q3)","const(tx_pckts, Q2)","dec(dl_buffer, Q1)"
66,0,"const(prb, C1)",const(sched),"const(tx_brate, Q4)","const(tx_pckts, Q4)","const(dl_buffer, Q4)"
66,1,"const(prb, C1)",const(sched),"dec(tx_brate, Q1)","dec(tx_pckts, Q1)","dec(dl_buffer, Q1)"
66,2,"const(prb, C4)",const(sched),"dec(tx_brate, Q2)","dec(tx_pckts, Q1)","const(dl_buffer, Q1)"
67,0,"const(prb, C1)",const(sched),"const(tx_brate, Q4)","const(tx_pckts, Q4)","const(dl_buffer, Q4)"
67,1,"const(prb, C1)",const(sched),"dec(tx_brate, Q1)","inc(tx_pckts, Q2)","inc(dl_buffer, Q2)"
67,2,"const(prb, C4)",const(sched),"const(tx_brate, Q2)","const(tx_pckts, Q1)","inc(dl_buffer, Q2)"
68,0,"const(prb, C1)",const(sched),"const(tx_brate, Q4)","const(tx_pckts, Q4)","const(dl_buffer, Q4)"
68,1,"const(prb, C1)",const(sched),"inc(tx_brate, Q1)","const(tx_pckts, Q2)","dec(dl_buffer, Q2)"
68,2,"const(prb, C4)",const(sched),"inc(tx_brate, Q3)","inc(tx_pckts, Q2)","dec(dl_buffer, Q1)"
69,0,"const(prb, C1)",const(sched),"const(tx_brate, Q4)","const(tx_pckts, Q4)","const(dl_buffer, Q4)"
69,1,"const(prb, C1)",const(sched),"inc(tx_brate, Q2)","inc(tx_pckts, Q3)","inc(dl_buffer, Q2)"
69,2,"const(prb, C4)",const(sched),"const(tx_brate, Q3)","const(tx_pckts, Q2)","const(dl_buffer, Q1)"
70,0,"const(prb, C1)",const(sched),"const(tx_brate, Q4)","const(tx_pckts, Q4)","const(dl_buffer, Q4)"
70,1,"const(prb, C1)",const(sched),"const(tx_brate, Q1)","dec(tx_pckts, Q3)","dec(dl_buffer, Q2)"
70,2,"const(prb, C4)",const(sched),"inc(tx_brate, Q3)","inc(tx_pckts, Q2)","inc(dl_buffer, Q2)"
71,0,"const(prb, C1)",const(sched),"const(tx_brate, Q4)","const(tx_pckts, Q4)","const(dl_buffer, Q4)"
71,1,"const(prb, C1)",const(sched),"dec(tx_brate, Q1)","const(tx_pckts, Q2)","dec(dl_buffer, Q2)"
71,2,"const(prb, C4)",const(sched),"const(tx_brate, Q3)","const(tx_pckts, Q2)","const(dl_buffer, Q2)"
72,0,"const(prb, C1)",const(sched),"const(tx_brate, Q4)","const(tx_pckts, Q4)","const(dl_buffer, Q4)"
72,1,"const(prb, C1)",const(sched),"const(tx_brate, Q1)","const(tx_pckts, Q2)","dec(dl_buffer, Q1)"
72,2,"const(prb, C4)",const(sched),"dec(tx_brate, Q2)","dec(tx_pckts, Q1)","dec(dl_buffer, Q1)"
73,0,"const(prb, C1)",const(sched),"const(tx_brate, Q4)","const(tx_pckts, Q4)","const(dl_buffer, Q4)"
73,1,"const(prb, C1)",const(sched),"dec(tx_brate, Q1)","const(tx_pckts, Q1)","inc(dl_buffer, Q2)"
73,2,"const(prb, C4)",const(sched),"const(tx_brate, Q3)","const(tx_pckts, Q1)","inc(dl_buffer, Q2)"
74,0,"const(prb, C1)",const(sched),"dec(tx_brate, Q4)","const(tx_pckts, Q4)","const(dl_buffer, Q4)"
74,1,"const(prb, C1)",const(sched),"inc(tx_brate, Q1)","const(tx_pckts, Q2)","const(dl_buffer, Q2)"
74,2,"const(prb, C4)",const(sched),"const(tx_brate, Q3)","const(tx_pckts, Q1)","dec(dl_buffer, Q1)"
75,0,"const(prb, C1)",const(sched),"inc(tx_brate, Q4)","const(tx_pckts, Q4)","const(dl_buffer, Q4)"
75,1,"const(prb, C1)",const(sched),"const(tx_brate, Q1)","dec(tx_pckts, Q1)","inc(dl_buffer, Q2)"
75,2,"const(prb, C4)",const(sched),"const(tx_brate, Q2)","const(tx_pckts, Q1)","inc(dl_buffer, Q2)"
76,0,"const(prb, C1)",const(sched),"const(tx_brate, Q4)","const(tx_pckts, Q4)","const(dl_buffer, Q4)"
76,1,"const(prb, C1)",const(sched),"const(tx_brate, Q1)","inc(tx_pckts, Q3)","dec(dl_buffer, Q1)"
76,2,"const(prb, C4)",const(sched),"inc(tx_brate, Q3)","inc(tx_pckts, Q3)","dec(dl_buffer, Q1)"
77,0,"const(prb, C1)",const(sched),"const(tx_brate, Q4)","const(tx_pckts, Q4)","const(dl_buffer, Q4)"
77,1,"const(prb, C1)",const(sched),"const(tx_brate, Q1)","dec(tx_pckts, Q3)","const(dl_buffer, Q1)"
77,2,"const(prb, C4)",const(sched),"dec(tx_brate, Q2)","dec(tx_pckts, Q1)","const(dl_buffer, Q1)"
78,0,"const(prb, C1)",const(sched),"const(tx_brate, Q4)","const(tx_pckts, Q4)","const(dl_buffer, Q4)"
78,1,"const(prb, C1)",const(sched),"inc(tx_brate, Q2)","const(tx_pckts, Q2)","const(dl_buffer, Q1)"
78,2,"const(prb, C4)",const(sched),"inc(tx_brate, Q3)","inc(tx_pckts, Q2)","inc(dl_buffer, Q2)"
79,0,"const(prb, C1)",const(sched),"const(tx_brate, Q4)","const(tx_pckts, Q4)","const(dl_buffer, Q4)"
79,1,"const(prb, C1)",const(sched),"dec(tx_brate, Q1)","dec(tx_pckts, Q2)","const(dl_buffer, Q1)"
79,2,"const(prb, C4)",const(sched),"const(tx_brate, Q3)","const(tx_pckts, Q2)","dec(dl_buffer, Q2)"
80,0,"const(prb, C1)",const(sched),"const(tx_brate, Q4)","const(tx_pckts, Q4)","const(dl_buffer, Q4)"
80,1,"const(prb, C1)",const(sched),"dec(tx_brate, Q1)","dec(tx_pckts, Q1)","const(dl_buffer, Q1)"
80,2,"const(prb, C4)",const(sched),"inc(tx_brate, Q3)","inc(tx_pckts, Q3)","dec(dl_buffer, Q1)"
81,0,"const(prb, C1)",const(sched),"const(tx_brate, Q4)","const(tx_pckts, Q4)","const(dl_buffer, Q4)"
81,1,"const(prb, C1)",const(sched),"const(tx_brate, Q1)","inc(tx_pckts, Q2)","inc(dl_buffer, Q2)"
81,2,"const(prb, C4)",const(sched),"const(tx_brate, Q3)","dec(tx_pckts, Q2)","inc(dl_buffer, Q2)"
82,0,"const(prb, C1)",const(sched),"dec(tx_brate, Q4)","const(tx_pckts, Q4)","const(dl_buffer, Q4)"
82,1,"const(prb, C1)",const(sched),"const(tx_brate, Q1)","inc(tx_pckts, Q3)","dec(dl_buffer, Q1)"
82,2,"const(prb, C4)",const(sched),"const(tx_brate, Q3)","const(tx_pckts, Q2)","dec(dl_buffer, Q2)"
83,0,"const(prb, C1)",const(sched),"const(tx_brate, Q4)","const(tx_pckts, Q4)","const(dl_buffer, Q4)"
83,1,"const(prb, C1)",const(sched),"inc(tx_brate, Q1)","dec(tx_pckts, Q2)","inc(dl_buffer, Q2)"
83,2,"const(prb, C4)",const(sched),"const(tx_brate, Q3)","const(tx_pckts, Q2)","inc(dl_buffer, Q2)"
84,0,"const(prb, C1)",const(sched),"const(tx_brate, Q4)","const(tx_pckts, Q4)","const(dl_buffer, Q4)"
84,1,"const(prb, C1)",const(sched),"inc(tx_brate, Q2)","const(tx_pckts, Q2)","inc(dl_buffer, Q2)"
84,2,"const(prb, C4)",const(sched),"dec(tx_brate, Q2)","dec(tx_pckts, Q1)","dec(dl_buffer, Q1)"
85,0,"const(prb, C1)",const(sched),"const(tx_brate, Q4)","const(tx_pckts, Q4)","const(dl_buffer, Q4)"
85,1,"const(prb, C1)",const(sched),"const(tx_brate, Q1)","inc(tx_pckts, Q3)","dec(dl_buffer, Q1)"
85,2,"const(prb, C4)",const(sched),"const(tx_brate, Q2)","inc(tx_pckts, Q2)","const(dl_buffer, Q1)"
86,0,"const(prb, C1)",const(sched),"const(tx_brate, Q4)","const(tx_pckts, Q4)","const(dl_buffer, Q4)"
86,1,"const(prb, C1)",const(sched),"const(tx_brate, Q1)","dec(tx_pckts, Q3)","inc(dl_buffer, Q2)"
86,2,"const(prb, C4)",const(sched),"const(tx_brate, Q3)","const(tx_pckts, Q2)","const(dl_buffer, Q1)"
87,0,"const(prb, C1)",const(sched),"const(tx_brate, Q4)","const(tx_pckts, Q4)","const(dl_buffer, Q4)"
87,1,"const(prb, C1)",const(sched),"const(tx_brate, Q1)","const(tx_pckts, Q2)","inc(dl_buffer, Q2)"
87,2,"const(prb, C4)",const(sched),"dec(tx_brate, Q2)","const(tx_pckts, Q1)","const(dl_buffer, Q1)"
88,0,"const(prb, C1)",const(sched),"const(tx_brate, Q4)","const(tx_pckts, Q4)","const(dl_buffer, Q4)"
88,1,"const(prb, C1)",const(sched),"const(tx_brate, Q1)","inc(tx_pckts, Q3)","dec(dl_buffer, Q1)"
88,2,"const(prb, C4)",const(sched),"const(tx_brate, Q2)","inc(tx_pckts, Q2)","inc(dl_buffer, Q2)"
89,0,"const(prb, C1)",const(sched),"const(tx_brate, Q4)","const(tx_pckts, Q4)","const(dl_buffer, Q4)"
89,1,"const(prb, C1)",const(sched),"const(tx_brate, Q2)","dec(tx_pckts, Q3)","const(dl_buffer, Q1)"
89,2,"const(prb, C4)",const(sched),"inc(tx_brate, Q3)","const(tx_pckts, Q2)","dec(dl_buffer, Q2)"
90,0,"const(prb, C1)",const(sched),"const(tx_brate, Q4)","const(tx_pckts, Q4)","const(dl_buffer, Q4)"
90,1,"const(prb, C1)",const(sched),"dec(tx_brate, Q1)","const(tx_pckts, Q3)","inc(dl_buffer, Q2)"
90,2,"const(prb, C4)",const(sched),"dec(tx_brate, Q2)","dec(tx_pckts, Q1)","inc(dl_buffer, Q2)"
91,0,"const(prb, C1)",const(sched),"dec(tx_brate, Q4)","const(tx_pckts, Q4)","const(dl_buffer, Q4)"
91,1,"const(prb, C1)",const(sched),"inc(tx_brate, Q2)","inc(tx_pckts, Q3)","inc(dl_buffer, Q2)"
91,2,"const(prb, C4)",const(sched),"const(tx_brate, Q2)","const(tx_pckts, Q1)","dec(dl_buffer, Q1)"
92,0,"const(prb, C1)",const(sched),"const(tx_brate, Q4)","const(tx_pckts, Q4)","const(dl_buffer, Q4)"
92,1,"const(prb, C1)",const(sched),"const(tx_brate, Q1)","inc(tx_pckts, Q3)","inc(dl_buffer, Q2)"
92,2,"const(prb, C4)",const(sched),"inc(tx_brate, Q3)","inc(tx_pckts, Q2)","inc(dl_buffer, Q2)"
93,0,"const(prb, C1)",const(sched),"const(tx_brate, Q4)","const(tx_pckts, Q4)","const(dl_buffer, Q4)"
93,1,"const(prb, C1)",const(sched),"const(tx_brate, Q1)","dec(tx_pckts, Q1)","dec(dl_buffer, Q1)"
93,2,"const(prb, C4)",const(sched),"const(tx_brate, Q3)","const(tx_pckts, Q1)","dec(dl_buffer, Q1)"
94,0,"const(prb, C1)",const(sched),"const(tx_brate, Q4)","const(tx_pckts, Q4)","const(dl_buffer, Q4)"
94,1,"const(prb, C1)",const(sched),"const(tx_brate, Q1)","inc(tx_pckts, Q2)","inc(dl_buffer, Q2)"
94,2,"const(prb, C4)",const(sched),"const(tx_brate, Q3)","const(tx_pckts, Q1)","const(dl_buffer, Q1)"
95,0,"const(prb, C1)",const(sched),"dec(tx_brate, Q4)","const(tx_pckts, Q4)","const(dl_buffer, Q4)"
95,1,"const(prb, C1)",const(sched),"const(tx_brate, Q1)","const(tx_pckts, Q3)","dec(dl_buffer, Q1)"
95,2,"const(prb, C4)",const(sched),"const(tx_brate, Q2)","const(tx_pckts, Q1)","const(dl_buffer, Q1)"
96,0,"const(prb, C1)",const(sched),"inc(tx_brate, Q4)","const(tx_pckts, Q4)","const(dl_buffer, Q4)"
96,1,"const(prb, C1)",const(sched),"const(tx_brate, Q2)","dec(tx_pckts, Q2)","inc(dl_buffer, Q2)"
96,2,"const(prb, C4)",const(sched),"const(tx_brate, Q2)","const(tx_pckts, Q1)","inc(dl_buffer, Q2)"
97,0,"const(prb, C1)",const(sched),"const(tx_brate, Q4)","const(tx_pckts, Q4)","const(dl_buffer, Q4)"
97,1,"const(prb, C1)",const(sched),"inc(tx_brate, Q2)","inc(tx_pckts, Q3)","dec(dl_buffer, Q1)"
97,2,"const(prb, C4)",const(sched),"inc(tx_brate, Q3)","inc(tx_pckts, Q2)","dec(dl_buffer, Q1)"
98,0,"const(prb, C1)",const(sched),"const(tx_brate, Q4)","const(tx_pckts, Q4)","const(dl_buffer, Q4)"
98,1,"const(prb, C1)",const(sched),"dec(tx_brate, Q1)","dec(tx_pckts, Q2)","inc(dl_buffer, Q2)"
98,2,"const(prb, C4)",const(sched),"const(tx_brate, Q3)","const(tx_pckts, Q2)","inc(dl_buffer, Q2)"
99,0,"const(prb, C1)",const(sched),"dec(tx_brate, Q4)","const(tx_pckts, Q4)","const(dl_buffer, Q4)"
99,1,"const(prb, C1)",const(sched),"dec(tx_brate, Q1)","dec(tx_pckts, Q1)","dec(dl_buffer, Q1)"
99,2,"const(prb, C4)",const(sched),"const(tx_brate, Q3)","const(tx_pckts, Q2)","dec(dl_buffer, Q1)"
100,0,"const(prb, C1)",const(sched),"const(tx_brate, Q4)","const(tx_pckts, Q4)","const(dl_buffer, Q4)"
100,1,"const(prb, C1)",const(sched),"inc(tx_brate, Q1)","inc(tx_pckts, Q2)","const(dl_buffer, Q1)"
100,2,"const(prb, C4)",const(sched),"dec(tx_brate, Q2)","dec(tx_pckts, Q1)","const(dl_buffer, Q1)"
101,0,"const(prb, C1)",const(sched),"const(tx_brate, Q4)","const(tx_pckts, Q4)","const(dl_buffer, Q4)"
101,1,"const(prb, C1)",const(sched),"const(tx_brate, Q1)","inc(tx_pckts, Q3)","inc(dl_buffer, Q2)"
101,2,"const(prb, C4)",const(sched),"const(tx_brate, Q2)","const(tx_pckts, Q2)","inc(dl_buffer, Q2)"
102,0,"const(prb, C1)",const(sched),"const(tx_brate, Q4)","const(tx_pckts, Q4)","const(dl_buffer, Q4)"
102,1,"const(prb, C1)",const(sched),"dec(tx_brate, Q1)","dec(tx_pckts, Q2)","dec(dl_buffer, Q1)"
102,2,"const(prb, C4)",const(sched),"const(tx_brate, Q3)","inc(tx_pckts, Q3)","dec(dl_buffer, Q1)"
103,0,"const(prb, C1)",const(sched),"const(tx_brate, Q4)","const(tx_pckts, Q4)","const(dl_buffer, Q4)"
103,1,"const(prb, C1)",const(sched),"inc(tx_brate, Q1)","const(tx_pckts, Q2)","const(dl_buffer, Q1)"
103,2,"const(prb, C4)",const(sched),"dec(tx_brate, Q2)","dec(tx_pckts, Q1)","const(dl_buffer, Q1)"
104,0,"const(prb, C1)",const(sched),"const(tx_brate, Q4)","const(tx_pckts, Q4)","const(dl_buffer, Q4)"
104,1,"const(prb, C1)",const(sched),"const(tx_brate, Q1)","const(tx_pckts, Q1)","const(dl_buffer, Q1)"
104,2,"const(prb, C4)",const(sched),"const(tx_brate, Q2)","dec(tx_pckts, Q1)","const(dl_buffer, Q1)"
105,0,"const(prb, C1)",const(sched),"const(tx_brate, Q4)","const(tx_pckts, Q4)","const(dl_buffer, Q4)"
105,1,"const(prb, C1)",const(sched),"inc(tx_brate, Q2)","inc(tx_pckts, Q3)","const(dl_buffer, Q1)"
105,2,"const(prb, C4)",const(sched),"const(tx_brate, Q2)","const(tx_pckts, Q1)","inc(dl_buffer, Q2)"
106,0,"const(prb, C1)",const(sched),"inc(tx_brate, Q4)","const(tx_pckts, Q4)","const(dl_buffer, Q4)"
106,1,"const(prb, C1)",const(sched),"dec(tx_brate, Q1)","dec(tx_pckts, Q1)","const(dl_buffer, Q1)"
106,2,"const(prb, C4)",const(sched),"const(tx_brate, Q3)","inc(tx_pckts, Q1)","dec(dl_buffer, Q1)"
107,0,"const(prb, C1)",const(sched),"const(tx_brate, Q4)","const(tx_pckts, Q4)","const(dl_buffer, Q4)"
107,1,"const(prb, C1)",const(sched),"inc(tx_brate, Q2)","inc(tx_pckts, Q3)","inc(dl_buffer, Q2)"
107,2,"const(prb, C4)",const(sched),"const(tx_brate, Q2)","const(tx_pckts, Q1)","inc(dl_buffer, Q2)"
108,0,"const(prb, C1)",const(sched),"const(tx_brate, Q4)","const(tx_pckts, Q4)","const(dl_buffer, Q4)"
108,1,"const(prb, C1)",const(sched),"inc(tx_brate, Q2)","inc(tx_pckts, Q3)","dec(dl_buffer, Q1)"
108,2,"const(prb, C4)",const(sched),"const(tx_brate, Q3)","const(tx_pckts, Q2)","dec(dl_buffer, Q1)"
109,0,"const(prb, C1)",const(sched),"dec(tx_brate, Q4)","const(tx_pckts, Q4)","const(dl_buffer, Q4)"
109,1,"const(prb, C1)",const(sched),"dec(tx_brate, Q1)","dec(tx_pckts, Q2)","inc(dl_buffer, Q2)"
109,2,"const(prb, C4)",const(sched),"const(tx_brate, Q3)","const(tx_pckts, Q1)","const(dl_buffer, Q1)"
110,0,"const(prb, C1)",const(sched),"const(tx_brate, Q4)","const(tx_pckts, Q4)","const(dl_buffer, Q4)"
110,1,"const(prb, C1)",const(sched),"const(tx_brate, Q1)","inc(tx_pckts, Q3)","dec(dl_buffer, Q1)"
110,2,"const(prb, C4)",const(sched),"dec(tx_brate, Q2)","const(tx_pckts, Q1)","inc(dl_buffer, Q2)"
111,0,"const(prb, C1)",const(sched),"const(tx_brate, Q4)","const(tx_pckts, Q4)","const(dl_buffer, Q4)"
111,1,"const(prb, C1)",const(sched),"const(tx_brate, Q2)","dec(tx_pckts, Q2)","const(dl_buffer, Q1)"
111,2,"const(prb, C4)",const(sched),"inc(tx_brate, Q3)","inc(tx_pckts, Q2)","dec(dl_buffer, Q1)"
112,0,"const(prb, C1)",const(sched),"const(tx_brate, Q4)","const(tx_pckts, Q4)","const(dl_buffer, Q4)"
112,1,"const(prb, C1)",const(sched),"const(tx_brate, Q2)","const(tx_pckts, Q2)","const(dl_buffer, Q1)"
112,2,"const(prb, C4)",const(sched),"const(tx_brate, Q3)","const(tx_pckts, Q2)","const(dl_buffer, Q1)"
113,0,"const(prb, C1)",const(sched),"const(tx_brate, Q4)","const(tx_pckts, Q4)","const(dl_buffer, Q4)"
113,1,"const(prb, C1)",const(sched),"const(tx_brate, Q2)","inc(tx_pckts, Q3)","inc(dl_buffer, Q2)"
113,2,"const(prb, C4)",const(sched),"dec(tx_brate, Q2)","dec(tx_pckts, Q1)","inc(dl_buffer, Q2)"
114,0,"const(prb, C1)",const(sched),"dec(tx_brate, Q4)","const(tx_pckts, Q4)","const(dl_buffer, Q4)"
114,1,"const(prb, C1)",const(sched),"dec(tx_brate, Q1)","const(tx_pckts, Q3)","inc(dl_buffer, Q2)"
114,2,"const(prb, C4)",const(sched),"inc(tx_brate, Q3)","inc(tx_pckts, Q2)","inc(dl_buffer, Q2)"
115,0,"const(prb, C1)",const(sched),"inc(tx_brate, Q4)","const(tx_pckts, Q4)","const(dl_buffer, Q4)"
115,1,"const(prb, C1)",const(sched),"const(tx_brate, Q2)","dec(tx_pckts, Q3)","dec(dl_buffer, Q1)"
115,2,"const(prb, C4)",const(sched),"const(tx_brate, Q2)","const(tx_pckts, Q1)","dec(dl_buffer, Q1)"
116,0,"const(prb, C1)",const(sched),"dec(tx_brate, Q4)","const(tx_pckts, Q4)","const(dl_buffer, Q4)"
116,1,"const(prb, C1)",const(sched),"dec(tx_brate, Q1)","const(tx_pckts, Q3)","inc(dl_buffer, Q2)"
116,2,"const(prb, C4)",const(sched),"inc(tx_brate, Q3)","inc(tx_pckts, Q2)","inc(dl_buffer, Q2)"
117,0,"const(prb, C1)",const(sched),"const(tx_brate, Q4)","const(tx_pckts, Q4)","const(dl_buffer, Q4)"
117,1,"const(prb, C1)",const(sched),"inc(tx_brate, Q2)","inc(tx_pckts, Q3)","dec(dl_buffer, Q2)"
117,2,"const(prb, C4)",const(sched),"const(tx_brate, Q3)","const(tx_pckts, Q2)","inc(dl_buffer, Q2)"
118,0,"const(prb, C1)",const(sched),"const(tx_brate, Q4)","const(tx_pckts, Q4)","const(dl_buffer, Q4)"
118,1,"const(prb, C1)",const(sched),"const(tx_brate, Q2)","dec(tx_pckts, Q3)","dec(dl_buffer, Q1)"
118,2,"const(prb, C4)",const(sched),"dec(tx_brate, Q2)","dec(tx_pckts, Q1)","dec(dl_buffer, Q1)"
119,0,"const(prb, C1)",const(sched),"const(tx_brate, Q4)","const(tx_pckts, Q4)","const(dl_buffer, Q4)"
119,1,"const(prb, C1)",const(sched),"dec(tx_brate, Q1)","dec(tx_pckts, Q2)","inc(dl_buffer, Q2)"
119,2,"const(prb, C4)",const(sched),"inc(tx_brate, Q3)","inc(tx_pckts, Q2)","const(dl_buffer, Q1)"
120,0,"const(prb, C1)",const(sched),"const(tx_brate, Q4)","const(tx_pckts, Q4)","const(dl_buffer, Q4)"
120,1,"const(prb, C1)",const(sched),"dec(tx_brate, Q1)","const(tx_pckts, Q2)","dec(dl_buffer, Q1)"
120,2,"const(prb, C4)",const(sched),"const(tx_brate, Q3)","const(tx_pckts, Q1)","inc(dl_buffer, Q2)"
121,0,"const(prb, C1)",const(sched),"inc(tx_brate, Q4)","const(tx_pckts, Q4)","const(dl_buffer, Q4)"
121,1,"const(prb, C1)",const(sched),"inc(tx_brate, Q1)","const(tx_pckts, Q2)","inc(dl_buffer, Q2)"
121,2,"const(prb, C4)",const(sched),"const(tx_brate, Q3)","const(tx_pckts, Q2)","dec(dl_buffer, Q1)"
122,0,"const(prb, C1)",const(sched),"const(tx_brate, Q4)","const(tx_pckts, Q4)","const(dl_buffer, Q4)"
122,1,"const(prb, C1)",const(sched),"dec(tx_brate, Q1)","const(tx_pckts, Q3)","inc(dl_buffer, Q2)"
122,2,"const(prb, C4)",const(sched),"const(tx_brate, Q2)","const(tx_pckts, Q1)","const(dl_buffer, Q1)"
123,0,"const(prb, C1)",const(sched),"const(tx_brate, Q4)","const(tx_pckts, Q4)","const(dl_buffer, Q4)"
123,1,"const(prb, C1)",const(sched),"inc(tx_brate, Q2)","inc(tx_pckts, Q3)","dec(dl_buffer, Q2)"
123,2,"const(prb, C4)",const(sched),"const(tx_brate, Q2)","const(tx_pckts, Q1)","const(dl_buffer, Q1)"
124,0,"const(prb, C1)",const(sched),"inc(tx_brate, Q4)","const(tx_pckts, Q4)","const(dl_buffer, Q4)"
124,1,"const(prb, C1)",const(sched),"const(tx_brate, Q2)","dec(tx_pckts, Q1)","dec(dl_buffer, Q1)"
124,2,"const(prb, C4)",const(sched),"const(tx_brate, Q3)","const(tx_pckts, Q1)","const(dl_buffer, Q1)"
125,0,"const(prb, C1)",const(sched),"dec(tx_brate, Q4)","const(tx_pckts, Q4)","const(dl_buffer, Q4)"
125,1,"const(prb, C1)",const(sched),"dec(tx_brate, Q1)","dec(tx_pckts, Q1)","const(dl_buffer, Q1)"
125,2,"const(prb, C4)",const(sched),"const(tx_brate, Q3)","const(tx_pckts, Q2)","const(dl_buffer, Q1)"
126,0,"const(prb, C1)",const(sched),"const(tx_brate, Q4)","const(tx_pckts, Q4)","const(dl_buffer, Q4)"
126,1,"const(prb, C1)",const(sched),"const(tx_brate, Q1)","inc(tx_pckts, Q1)","const(dl_buffer, Q1)"
126,2,"const(prb, C4)",const(sched),"const(tx_brate, Q3)","const(tx_pckts, Q1)","inc(dl_buffer, Q2)"
127,0,"const(prb, C1)",const(sched),"const(tx_brate, Q4)","const(tx_pckts, Q4)","const(dl_buffer, Q4)"
127,1,"const(prb, C1)",const(sched),"inc(tx_brate, Q1)","inc(tx_pckts, Q2)","inc(dl_buffer, Q2)"
127,2,"const(prb, C4)",const(sched),"dec(tx_brate, Q2)","const(tx_pckts, Q1)","dec(dl_buffer, Q1)"
128,0,"const(prb, C1)",const(sched),"const(tx_brate, Q4)","const(tx_pckts, Q4)","const(dl_buffer, Q4)"
128,1,"const(prb, C1)",const(sched),"inc(tx_brate, Q2)","const(tx_pckts, Q3)","inc(dl_buffer, Q2)"
128,2,"const(prb, C4)",const(sched),"inc(tx_brate, Q3)","const(tx_pckts, Q1)","const(dl_buffer, Q1)"
129,0,"const(prb, C1)",const(sched),"inc(tx_brate, Q4)","const(tx_pckts, Q4)","const(dl_buffer, Q4)"
129,1,"const(prb, C1)",const(sched),"const(tx_brate, Q2)","dec(tx_pckts, Q1)","inc(dl_buffer, Q2)"
129,2,"const(prb, C4)",const(sched),"const(tx_brate, Q2)","dec(tx_pckts, Q1)","const(dl_buffer, Q1)"
130,0,"const(prb, C1)",const(sched),"const(tx_brate, Q4)","const(tx_pckts, Q4)","const(dl_buffer, Q4)"
130,1,"const(prb, C1)",const(sched),"dec(tx_brate, Q1)","dec(tx_pckts, Q1)","dec(dl_buffer, Q2)"
130,2,"const(prb, C4)",const(sched),"const(tx_brate, Q2)","const(tx_pckts, Q1)","inc(dl_buffer, Q2)"
131,0,"const(prb, C1)",const(sched),"dec(tx_brate, Q4)","const(tx_pckts, Q4)","const(dl_buffer, Q4)"
131,1,"const(prb, C1)",const(sched),"inc(tx_brate, Q1)","inc(tx_pckts, Q3)","inc(dl_buffer, Q2)"
131,2,"const(prb, C4)",const(sched),"inc(tx_brate, Q3)","inc(tx_pckts, Q2)","dec(dl_buffer, Q2)"
132,0,"const(prb, C1)",const(sched),"const(tx_brate, Q4)","const(tx_pckts, Q4)","const(dl_buffer, Q4)"
132,1,"const(prb, C1)",const(sched),"const(tx_brate, Q1)","const(tx_pckts, Q3)","dec(dl_buffer, Q1)"
132,2,"const(prb, C4)",const(sched),"const(tx_brate, Q3)","const(tx_pckts, Q2)","dec(dl_buffer, Q1)"
133,0,"const(prb, C1)",const(sched),"inc(tx_brate, Q4)","const(tx_pckts, Q4)","const(dl_buffer, Q4)"
133,1,"const(prb, C1)",const(sched),"const(tx_brate, Q1)","dec(tx_pckts, Q2)","inc(dl_buffer, Q2)"
133,2,"const(prb, C4)",const(sched),"dec(tx_brate, Q2)","const(tx_pckts, Q1)","const(dl_buffer, Q1)"
134,0,"const(prb, C1)",const(sched),"const(tx_brate, Q4)","const(tx_pckts, Q4)","const(dl_buffer, Q4)"
134,1,"const(prb, C1)",const(sched),"const(tx_brate, Q1)","const(tx_pckts, Q2)","dec(dl_buffer, Q1)"
134,2,"const(prb, C4)",const(sched),"const(tx_brate, Q2)","const(tx_pckts, Q1)","inc(dl_buffer, Q2)"
135,0,"const(prb, C1)",const(sched),"dec(tx_brate, Q4)","const(tx_pckts, Q4)","const(dl_buffer, Q4)"
135,1,"const(prb, C1)",const(sched),"const(tx_brate, Q1)","inc(tx_pckts, Q3)","const(dl_buffer, Q1)"
135,2,"const(prb, C4)",const(sched),"inc(tx_brate, Q3)","inc(tx_pckts, Q2)","dec(dl_buffer, Q1)"
136,0,"const(prb, C1)",const(sched),"inc(tx_brate, Q4)","const(tx_pckts, Q4)","const(dl_buffer, Q4)"
136,1,"const(prb, C1)",const(sched),"const(tx_brate, Q1)","dec(tx_pckts, Q1)","const(dl_buffer, Q1)"
136,2,"const(prb, C4)",const(sched),"inc(tx_brate, Q3)","inc(tx_pckts, Q3)","const(dl_buffer, Q1)"
137,0,"const(prb, C1)",const(sched),"const(tx_brate, Q4)","const(tx_pckts, Q4)","const(dl_buffer, Q4)"
137,1,"const(prb, C1)",const(sched),"dec(tx_brate, Q1)","inc(tx_pckts, Q1)","inc(dl_buffer, Q2)"
137,2,"const(prb, C4)",const(sched),"dec(tx_brate, Q2)","dec(tx_pckts, Q1)","const(dl_buffer, Q1)"
138,0,"const(prb, C1)",const(sched),"const(tx_brate, Q4)","const(tx_pckts, Q4)","const(dl_buffer, Q4)"
138,1,"const(prb, C1)",const(sched),"dec(tx_brate, Q1)","dec(tx_pckts, Q1)","inc(dl_buffer, Q2)"
138,2,"const(prb, C4)",const(sched),"const(tx_brate, Q2)","const(tx_pckts, Q1)","const(dl_buffer, Q1)"
139,0,"const(prb, C1)",const(sched),"dec(tx_brate, Q4)","const(tx_pckts, Q4)","const(dl_buffer, Q4)"
139,1,"const(prb, C1)",const(sched),"inc(tx_brate, Q1)","inc(tx_pckts, Q3)","dec(dl_buffer, Q1)"
139,2,"const(prb, C4)",const(sched),"inc(tx_brate, Q3)","inc(tx_pckts, Q3)","const(dl_buffer, Q1)"
140,0,"const(prb, C1)",const(sched),"inc(tx_brate, Q4)","const(tx_pckts, Q4)","const(dl_buffer, Q4)"
140,1,"const(prb, C1)",const(sched),"inc(tx_brate, Q1)","const(tx_pckts, Q3)","const(dl_buffer, Q1)"
140,2,"const(prb, C4)",const(sched),"dec(tx_brate, Q2)","dec(tx_pckts, Q1)","const(dl_buffer, Q1)"
141,0,"const(prb, C1)",const(sched),"const(tx_brate, Q4)","const(tx_pckts, Q4)","const(dl_buffer, Q4)"
141,1,"const(prb, C1)",const(sched),"const(tx_brate, Q1)","const(tx_pckts, Q3)","inc(dl_buffer, Q2)"
141,2,"const(prb, C4)",const(sched),"inc(tx_brate, Q3)","inc(tx_pckts, Q2)","const(dl_buffer, Q1)"
142,0,"const(prb, C1)",const(sched),"const(tx_brate, Q4)","const(tx_pckts, Q4)","const(dl_buffer, Q4)"
142,1,"const(prb, C1)",const(sched),"dec(tx_brate, Q1)","dec(tx_pckts, Q2)","inc(dl_buffer, Q2)"
142,2,"const(prb, C4)",const(sched),"const(tx_brate, Q3)","const(tx_pckts, Q2)","const(dl_buffer, Q1)"
143,0,"const(prb, C1)",const(sched),"const(tx_brate, Q4)","const(tx_pckts, Q4)","const(dl_buffer, Q4)"
143,1,"const(prb, C1)",const(sched),"inc(tx_brate, Q1)","inc(tx_pckts, Q2)","inc(dl_buffer, Q2)"
143,2,"const(prb, C4)",const(sched),"const(tx_brate, Q2)","const(tx_pckts, Q2)","const(dl_buffer, Q1)"
144,0,"const(prb, C1)",const(sched),"const(tx_brate, Q4)","const(tx_pckts, Q4)","const(dl_buffer, Q4)"
144,1,"const(prb, C1)",const(sched),"const(tx_brate, Q1)","const(tx_pckts, Q2)","dec(dl_buffer, Q2)"
144,2,"const(prb, C4)",const(sched),"const(tx_brate, Q2)","dec(tx_pckts, Q1)","inc(dl_buffer, Q2)"
145,0,"const(prb, C1)",const(sched),"const(tx_brate, Q4)","const(tx_pckts, Q4)","const(dl_buffer, Q4)"
145,1,"const(prb, C1)",const(sched),"const(tx_brate, Q1)","inc(tx_pckts, Q2)","inc(dl_buffer, Q2)"
145,2,"const(prb, C4)",const(sched),"const(tx_brate, Q3)","const(tx_pckts, Q1)","inc(dl_buffer, Q2)"
146,0,"const(prb, C1)",const(sched),"inc(tx_brate, Q4)","const(tx_pckts, Q4)","const(dl_buffer, Q4)"
146,1,"const(prb, C1)",const(sched),"dec(tx_brate, Q1)","const(tx_pckts, Q2)","dec(dl_buffer, Q2)"
146,2,"const(prb, C4)",const(sched),"const(tx_brate, Q2)","const(tx_pckts, Q1)","dec(dl_buffer, Q1)"
147,0,"const(prb, C1)",const(sched),"const(tx_brate, Q4)","const(tx_pckts, Q4)","const(dl_buffer, Q4)"
147,1,"const(prb, C1)",const(sched),"inc(tx_brate, Q2)","inc(tx_pckts, Q3)","dec(dl_buffer, Q2)"
147,2,"const(prb, C4)",const(sched),"const(tx_brate, Q2)","const(tx_pckts, Q1)","inc(dl_buffer, Q2)"
148,0,"const(prb, C1)",const(sched),"const(tx_brate, Q4)","const(tx_pckts, Q4)","const(dl_buffer, Q4)"
148,1,"const(prb, C1)",const(sched),"inc(tx_brate, Q2)","dec(tx_pckts, Q3)","dec(dl_buffer, Q1)"
148,2,"const(prb, C4)",const(sched),"inc(tx_brate, Q3)","const(tx_pckts, Q1)","inc(dl_buffer, Q2)"
149,0,"const(prb, C1)",const(sched),"const(tx_brate, Q4)","const(tx_pckts, Q4)","const(dl_buffer, Q4)"
149,1,"const(prb, C1)",const(sched),"dec(tx_brate, Q1)","const(tx_pckts, Q2)","inc(dl_buffer, Q2)"
149,2,"const(prb, C4)",const(sched),"const(tx_brate, Q3)","const(tx_pckts, Q2)","dec(dl_buffer, Q2)"
150,0,"const(prb, C1)",const(sched),"inc(tx_brate, Q4)","const(tx_pckts, Q4)","const(dl_buffer, Q4)"
150,1,"const(prb, C1)",const(sched),"const(tx_brate, Q1)","const(tx_pckts, Q2)","dec(dl_buffer, Q1)"
150,2,"const(prb, C4)",const(sched),"dec(tx_brate, Q2)","const(tx_pckts, Q1)","dec(dl_buffer, Q1)"
151,0,"const(prb, C1)",const(sched),"dec(tx_brate, Q4)","const(tx_pckts, Q4)","const(dl_buffer, Q4)"
151,1,"const(prb, C1)",const(sched),"dec(tx_brate, Q1)","dec(tx_pckts, Q1)","inc(dl_buffer, Q2)"
151,2,"const(prb, C4)",const(sched),"const(tx_brate, Q2)","const(tx_pckts, Q1)","const(dl_buffer, Q1)"
152,0,"const(prb, C1)",const(sched),"const(tx_brate, Q4)","const(tx_pckts, Q4)","const(dl_buffer, Q4)"
152,1,"const(prb, C1)",const(sched),"inc(tx_brate, Q2)","const(tx_pckts, Q1)","dec(dl_buffer, Q1)"
152,2,"const(prb, C4)",const(sched),"const(tx_brate, Q2)","const(tx_pckts, Q1)","const(dl_buffer, Q1)"
153,0,"const(prb, C1)",const(sched),"const(tx_brate, Q4)","const(tx_pckts, Q4)","const(dl_buffer, Q4)"
153,1,"const(prb, C1)",const(sched),"const(tx_brate, Q1)","inc(tx_pckts, Q3)","inc(dl_buffer, Q2)"
153,2,"const(prb, C4)",const(sched),"inc(tx_brate, Q3)","inc(tx_pckts, Q2)","const(dl_buffer, Q1)"
154,0,"const(prb, C1)",const(sched),"inc(tx_brate, Q4)","const(tx_pckts, Q4)","const(dl_buffer, Q4)"
154,1,"const(prb, C1)",const(sched),"inc(tx_brate, Q2)","dec(tx_pckts, Q1)","dec(dl_buffer, Q1)"
154,2,"const(prb, C4)",const(sched),"dec(tx_brate, Q3)","dec(tx_pckts, Q1)","const(dl_buffer, Q1)"
155,0,"const(prb, C1)",const(sched),"dec(tx_brate, Q4)","const(tx_pckts, Q4)","const(dl_buffer, Q4)"
155,1,"const(prb, C1)",const(sched),"const(tx_brate, Q2)","inc(tx_pckts, Q3)","inc(dl_buffer, Q2)"
155,2,"const(prb, C4)",const(sched),"const(tx_brate, Q3)","const(tx_pckts, Q2)","const(dl_buffer, Q1)"
156,0,"inc(prb, C2)",toPF(sched),"const(tx_brate, Q4)","const(tx_pckts, Q4)","const(dl_buffer, Q4)"
156,1,"inc(prb, C2)",toWF(sched),"dec(tx_brate, Q1)","dec(tx_pckts, Q2)","dec(dl_buffer, Q1)"
156,2,"dec(prb, C2)",toWF(sched),"const(tx_brate, Q3)","const(tx_pckts, Q2)","const(dl_buffer, Q1)"
157,0,"dec(prb, C1)",toWF(sched),"inc(tx_brate, Q4)","const(tx_pckts, Q4)","dec(dl_buffer, Q3)"
157,1,"dec(prb, C1)",toPF(sched),"const(tx_brate, Q1)","const(tx_pckts, Q2)","inc(dl_buffer, Q2)"
157,2,"inc(prb, C4)",toRR(sched),"const(tx_brate, Q3)","const(tx_pckts, Q3)","inc(dl_buffer, Q2)"
158,0,"const(prb, C1)",const(sched),"dec(tx_brate, Q4)","const(tx_pckts, Q4)","inc(dl_buffer, Q3)"
158,1,"const(prb, C1)",const(sched),"inc(tx_brate, Q2)","inc(tx_pckts, Q3)","dec(dl_buffer, Q2)"
158,2,"const(prb, C4)",const(sched),"const(tx_brate, Q3)","const(tx_pckts, Q3)","dec(dl_buffer, Q1)"
159,0,"const(prb, C1)",const(sched),"dec(tx_brate, Q4)","const(tx_pckts, Q4)","inc(dl_buffer, Q4)"
159,1,"const(prb, C1)",const(sched),"dec(tx_brate, Q1)","dec(tx_pckts, Q2)","dec(dl_buffer, Q2)"
159,2,"const(prb, C4)",const(sched),"const(tx_brate, Q3)","dec(tx_pckts, Q2)","inc(dl_buffer, Q2)"
160,0,"const(prb, C1)",const(sched),"const(tx_brate, Q4)","const(tx_pckts, Q4)","const(dl_buffer, Q4)"
160,1,"const(prb, C1)",const(sched),"inc(tx_brate, Q1)","const(tx_pckts, Q1)","inc(dl_buffer, Q2)"
160,2,"const(prb, C4)",const(sched),"dec(tx_brate, Q2)","dec(tx_pckts, Q1)","dec(dl_buffer, Q1)"
161,0,"const(prb, C1)",const(sched),"const(tx_brate, Q4)","const(tx_pckts, Q4)","const(dl_buffer, Q4)"
161,1,"const(prb, C1)",const(sched),"const(tx_brate, Q1)","inc(tx_pckts, Q2)","inc(dl_buffer, Q2)"
161,2,"const(prb, C4)",const(sched),"const(tx_brate, Q2)","const(tx_pckts, Q1)","const(dl_buffer, Q1)"
162,0,"inc(prb, C2)",toPF(sched),"dec(tx_brate, Q4)","const(tx_pckts, Q4)","const(dl_buffer, Q4)"
162,1,"inc(prb, C2)",toWF(sched),"const(tx_brate, Q2)","inc(tx_pckts, Q3)","dec(dl_buffer, Q2)"
162,2,"dec(prb, C2)",toWF(sched),"dec(tx_brate, Q2)","dec(tx_pckts, Q1)","const(dl_buffer, Q1)"
163,0,"dec(prb, C1)",toWF(sched),"inc(tx_brate, Q4)","const(tx_pckts, Q4)","dec(dl_buffer, Q3)"
163,1,"dec(prb, C1)",toPF(sched),"dec(tx_brate, Q1)","dec(tx_pckts, Q1)","inc(dl_buffer, Q2)"
163,2,"inc(prb, C4)",toRR(sched),"inc(tx_brate, Q3)","inc(tx_pckts, Q3)","inc(dl_buffer, Q2)"
164,0,"const(prb, C1)",const(sched),"dec(tx_brate, Q4)","const(tx_pckts, Q4)","inc(dl_buffer, Q4)"
164,1,"const(prb, C1)",const(sched),"const(tx_brate, Q1)","inc(tx_pckts, Q1)","dec(dl_buffer, Q1)"
164,2,"const(prb, C4)",const(sched),"const(tx_brate, Q3)","dec(tx_pckts, Q2)","dec(dl_buffer, Q1)"
165,0,"const(prb, C1)",const(sched),"const(tx_brate, Q4)","const(tx_pckts, Q4)","inc(dl_buffer, Q4)"
165,1,"const(prb, C1)",const(sched),"inc(tx_brate, Q2)","inc(tx_pckts, Q2)","const(dl_buffer, Q1)"
165,2,"const(prb, C4)",const(sched),"dec(tx_brate, Q2)","dec(tx_pckts, Q1)","const(dl_buffer, Q1)"
166,0,"const(prb, C1)",const(sched),"const(tx_brate, Q4)","const(tx_pckts, Q4)","const(dl_buffer, Q4)"
166,1,"const(prb, C1)",const(sched),"const(tx_brate, Q1)","const(tx_pckts, Q2)","const(dl_buffer, Q1)"
166,2,"const(prb, C4)",const(sched),"const(tx_brate, Q2)","const(tx_pckts, Q1)","const(dl_buffer, Q1)"
167,0,"const(prb, C1)",const(sched),"const(tx_brate, Q4)","const(tx_pckts, Q4)","const(dl_buffer, Q4)"
167,1,"const(prb, C1)",const(sched),"dec(tx_brate, Q1)","const(tx_pckts, Q3)","inc(dl_buffer, Q2)"
167,2,"const(prb, C4)",const(sched),"const(tx_brate, Q2)","const(tx_pckts, Q1)","const(dl_buffer, Q1)"
168,0,"const(prb, C1)",const(sched),"dec(tx_brate, Q4)","const(tx_pckts, Q4)","const(dl_buffer, Q4)"
168,1,"const(prb, C1)",const(sched),"const(tx_brate, Q1)","inc(tx_pckts, Q3)","inc(dl_buffer, Q2)"
168,2,"const(prb, C4)",const(sched),"const(tx_brate, Q3)","inc(tx_pckts, Q2)","const(dl_buffer, Q1)"
169,0,"const(prb, C1)",const(sched),"inc(tx_brate, Q4)","const(tx_pckts, Q4)","const(dl_buffer, Q4)"
169,1,"const(prb, C1)",const(sched),"dec(tx_brate, Q1)","dec(tx_pckts, Q1)","dec(dl_buffer, Q2)"
169,2,"const(prb, C4)",const(sched),"dec(tx_brate, Q2)","dec(tx_pckts, Q1)","const(dl_buffer, Q1)"
170,0,"const(prb, C1)",const(sched),"const(tx_brate, Q4)","const(tx_pckts, Q4)","const(dl_buffer, Q4)"
170,1,"const(prb, C1)",const(sched),"inc(tx_brate, Q1)","inc(tx_pckts, Q1)","dec(dl_buffer, Q2)"
170,2,"const(prb, C4)",const(sched),"inc(tx_brate, Q3)","inc(tx_pckts, Q2)","const(dl_buffer, Q1)"
171,0,"const(prb, C1)",const(sched),"const(tx_brate, Q4)","const(tx_pckts, Q4)","const(dl_buffer, Q4)"
171,1,"const(prb, C1)",const(sched),"const(tx_brate, Q1)","inc(tx_pckts, Q3)","inc(dl_buffer, Q2)"
171,2,"const(prb, C4)",const(sched),"const(tx_brate, Q3)","const(tx_pckts, Q2)","const(dl_buffer, Q1)"
172,0,"const(prb, C1)",const(sched),"const(tx_brate, Q4)","const(tx_pckts, Q4)","const(dl_buffer, Q4)"
172,1,"const(prb, C1)",const(sched),"const(tx_brate, Q1)","dec(tx_pckts, Q1)","dec(dl_buffer, Q1)"
172,2,"const(prb, C4)",const(sched),"inc(tx_brate, Q3)","const(tx_pckts, Q2)","const(dl_buffer, Q1)"
173,0,"const(prb, C1)",const(sched),"const(tx_brate, Q4)","const(tx_pckts, Q4)","const(dl_buffer, Q4)"
173,1,"const(prb, C1)",const(sched),"inc(tx_brate, Q1)","inc(tx_pckts, Q2)","const(dl_buffer, Q1)"
173,2,"const(prb, C4)",const(sched),"dec(tx_brate, Q2)","dec(tx_pckts, Q1)","const(dl_buffer, Q1)"
174,0,"const(prb, C1)",const(sched),"const(tx_brate, Q4)","const(tx_pckts, Q4)","const(dl_buffer, Q4)"
174,1,"const(prb, C1)",const(sched),"dec(tx_brate, Q1)","dec(tx_pckts, Q1)","const(dl_buffer, Q1)"
174,2,"const(prb, C4)",const(sched),"inc(tx_brate, Q3)","inc(tx_pckts, Q2)","const(dl_buffer, Q1)"
175,0,"const(prb, C1)",const(sched),"dec(tx_brate, Q4)","const(tx_pckts, Q4)","const(dl_buffer, Q4)"
175,1,"const(prb, C1)",const(sched),"const(tx_brate, Q1)","inc(tx_pckts, Q3)","inc(dl_buffer, Q2)"
175,2,"const(prb, C4)",const(sched),"const(tx_brate, Q3)","dec(tx_pckts, Q2)","const(dl_buffer, Q1)"
176,0,"const(prb, C1)",const(sched),"const(tx_brate, Q4)","const(tx_pckts, Q4)","const(dl_buffer, Q4)"
176,1,"const(prb, C1)",const(sched),"const(tx_brate, Q1)","dec(tx_pckts, Q2)","dec(dl_buffer, Q1)"
176,2,"const(prb, C4)",const(sched),"const(tx_brate, Q3)","inc(tx_pckts, Q3)","const(dl_buffer, Q1)"
177,0,"const(prb, C1)",const(sched),"const(tx_brate, Q4)","const(tx_pckts, Q4)","const(dl_buffer, Q4)"
177,1,"const(prb, C1)",const(sched),"dec(tx_brate, Q1)","dec(tx_pckts, Q1)","const(dl_buffer, Q1)"
177,2,"const(prb, C4)",const(sched),"const(tx_brate, Q2)","const(tx_pckts, Q2)","inc(dl_buffer, Q2)"
178,0,"const(prb, C1)",const(sched),"const(tx_brate, Q4)","const(tx_pckts, Q4)","const(dl_buffer, Q4)"
178,1,"const(prb, C1)",const(sched),"inc(tx_brate, Q1)","inc(tx_pckts, Q3)","inc(dl_buffer, Q2)"
178,2,"const(prb, C4)",const(sched),"const(tx_brate, Q2)","const(tx_pckts, Q1)","dec(dl_buffer, Q1)"
179,0,"const(prb, C1)",const(sched),"const(tx_brate, Q4)","const(tx_pckts, Q4)","const(dl_buffer, Q4)"
179,1,"const(prb, C1)",const(sched),"inc(tx_brate, Q1)","inc(tx_pckts, Q3)","dec(dl_buffer, Q1)"
179,2,"const(prb, C4)",const(sched),"inc(tx_brate, Q3)","inc(tx_pckts, Q2)","const(dl_buffer, Q1)"
180,0,"const(prb, C1)",const(sched),"const(tx_brate, Q4)","const(tx_pckts, Q4)","const(dl_buffer, Q4)"
180,1,"const(prb, C1)",const(sched),"inc(tx_brate, Q2)","dec(tx_pckts, Q2)","inc(dl_buffer, Q2)"
180,2,"const(prb, C4)",const(sched),"const(tx_brate, Q3)","const(tx_pckts, Q2)","const(dl_buffer, Q1)"
181,0,"const(prb, C1)",const(sched),"inc(tx_brate, Q4)","const(tx_pckts, Q4)","const(dl_buffer, Q4)"
181,1,"const(prb, C1)",const(sched),"const(tx_brate, Q1)","const(tx_pckts, Q1)","dec(dl_buffer, Q1)"
181,2,"const(prb, C4)",const(sched),"dec(tx_brate, Q2)","dec(tx_pckts, Q1)","const(dl_buffer, Q1)"
182,0,"const(prb, C1)",const(sched),"dec(tx_brate, Q4)","const(tx_pckts, Q4)","const(dl_buffer, Q4)"
182,1,"const(prb, C1)",const(sched),"inc(tx_brate, Q2)","inc(tx_pckts, Q3)","inc(dl_buffer, Q2)"
182,2,"const(prb, C4)",const(sched),"inc(tx_brate, Q2)","inc(tx_pckts, Q1)","const(dl_buffer, Q1)"
183,0,"const(prb, C1)",const(sched),"inc(tx_brate, Q4)","const(tx_pckts, Q4)","const(dl_buffer, Q4)"
183,1,"const(prb, C1)",const(sched),"inc(tx_brate, Q2)","dec(tx_pckts, Q3)","dec(dl_buffer, Q1)"
183,2,"const(prb, C4)",const(sched),"const(tx_brate, Q3)","const(tx_pckts, Q2)","const(dl_buffer, Q1)"
184,0,"const(prb, C1)",const(sched),"const(tx_brate, Q4)","const(tx_pckts, Q4)","const(dl_buffer, Q4)"
184,1,"const(prb, C1)",const(sched),"dec(tx_brate, Q1)","dec(tx_pckts, Q3)","const(dl_buffer, Q1)"
184,2,"const(prb, C4)",const(sched),"const(tx_brate, Q3)","const(tx_pckts, Q2)","const(dl_buffer, Q1)"
185,0,"const(prb, C1)",const(sched),"inc(tx_brate, Q4)","const(tx_pckts, Q4)","const(dl_buffer, Q4)"
185,1,"const(prb, C1)",const(sched),"inc(tx_brate, Q2)","const(tx_pckts, Q3)","inc(dl_buffer, Q2)"
185,2,"const(prb, C4)",const(sched),"dec(tx_brate, Q2)","dec(tx_pckts, Q1)","inc(dl_buffer, Q2)"
186,0,"const(prb, C1)",const(sched),"const(tx_brate, Q4)","const(tx_pckts, Q4)","const(dl_buffer, Q4)"
186,1,"const(prb, C1)",const(sched),"dec(tx_brate, Q1)","dec(tx_pckts, Q1)","dec(dl_buffer, Q1)"
186,2,"const(prb, C4)",const(sched),"inc(tx_brate, Q2)","inc(tx_pckts, Q2)","inc(dl_buffer, Q2)"
187,0,"const(prb, C1)",const(sched),"const(tx_brate, Q4)","const(tx_pckts, Q4)","const(dl_buffer, Q4)"
187,1,"const(prb, C1)",const(sched),"const(tx_brate, Q1)","const(tx_pckts, Q2)","const(dl_buffer, Q1)"
187,2,"const(prb, C4)",const(sched),"inc(tx_brate, Q3)","const(tx_pckts, Q2)","dec(dl_buffer, Q1)"
188,0,"const(prb, C1)",const(sched),"const(tx_brate, Q4)","const(tx_pckts, Q4)","const(dl_buffer, Q4)"
188,1,"const(prb, C1)",const(sched),"inc(tx_brate, Q1)","const(tx_pckts, Q2)","const(dl_buffer, Q1)"
188,2,"const(prb, C4)",const(sched),"dec(tx_brate, Q2)","dec(tx_pckts, Q1)","const(dl_buffer, Q1)"
189,0,"const(prb, C1)",const(sched),"const(tx_brate, Q4)","const(tx_pckts, Q4)","const(dl_buffer, Q4)"
189,1,"const(prb, C1)",const(sched),"dec(tx_brate, Q1)","inc(tx_pckts, Q3)","const(dl_buffer, Q1)"
189,2,"const(prb, C4)",const(sched),"inc(tx_brate, Q3)","inc(tx_pckts, Q2)","const(dl_buffer, Q1)"
190,0,"const(prb, C1)",const(sched),"const(tx_brate, Q4)","const(tx_pckts, Q4)","const(dl_buffer, Q4)"
190,1,"const(prb, C1)",const(sched),"inc(tx_brate, Q1)","inc(tx_pckts, Q3)","inc(dl_buffer, Q2)"
190,2,"const(prb, C4)",const(sched),"dec(tx_brate, Q2)","const(tx_pckts, Q1)","const(dl_buffer, Q1)"
191,0,"const(prb, C1)",const(sched),"const(tx_brate, Q4)","const(tx_pckts, Q4)","const(dl_buffer, Q4)"
191,1,"const(prb, C1)",const(sched),"const(tx_brate, Q1)","const(tx_pckts, Q3)","dec(dl_buffer, Q1)"
191,2,"const(prb, C4)",const(sched),"inc(tx_brate, Q3)","inc(tx_pckts, Q2)","inc(dl_buffer, Q2)"
192,0,"const(prb, C1)",const(sched),"const(tx_brate, Q4)","const(tx_pckts, Q4)","const(dl_buffer, Q4)"
192,1,"const(prb, C1)",const(sched),"const(tx_brate, Q2)","dec(tx_pckts, Q2)","inc(dl_buffer, Q2)"
192,2,"const(prb, C4)",const(sched),"dec(tx_brate, Q2)","dec(tx_pckts, Q1)","dec(dl_buffer, Q1)"
193,0,"const(prb, C1)",const(sched),"const(tx_brate, Q4)","const(tx_pckts, Q4)","const(dl_buffer, Q4)"
193,1,"const(prb, C1)",const(sched),"dec(tx_brate, Q1)","inc(tx_pckts, Q3)","inc(dl_buffer, Q2)"
193,2,"const(prb, C4)",const(sched),"const(tx_brate, Q2)","const(tx_pckts, Q2)","const(dl_buffer, Q1)"
194,0,"const(prb, C1)",const(sched),"inc(tx_brate, Q4)","const(tx_pckts, Q4)","const(dl_buffer, Q4)"
194,1,"const(prb, C1)",const(sched),"const(tx_brate, Q1)","dec(tx_pckts, Q2)","dec(dl_buffer, Q2)"
194,2,"const(prb, C4)",const(sched),"inc(tx_brate, Q3)","const(tx_pckts, Q2)","const(dl_buffer, Q1)"
195,0,"const(prb, C1)",const(sched),"dec(tx_brate, Q4)","const(tx_pckts, Q4)","const(dl_buffer, Q4)"
195,1,"const(prb, C1)",const(sched),"inc(tx_brate, Q2)","inc(tx_pckts, Q3)","dec(dl_buffer, Q1)"
195,2,"const(prb, C4)",const(sched),"const(tx_brate, Q3)","const(tx_pckts, Q2)","const(dl_buffer, Q1)"
196,0,"const(prb, C1)",const(sched),"inc(tx_brate, Q4)","const(tx_pckts, Q4)","const(dl_buffer, Q4)"
196,1,"const(prb, C1)",const(sched),"dec(tx_brate, Q1)","dec(tx_pckts, Q2)","const(dl_buffer, Q1)"
196,2,"const(prb, C4)",const(sched),"const(tx_brate, Q2)","const(tx_pckts, Q1)","const(dl_buffer, Q1)"
197,0,"const(prb, C1)",const(sched),"const(tx_brate, Q4)","const(tx_pckts, Q4)","const(dl_buffer, Q4)"
197,1,"const(prb, C1)",const(sched),"inc(tx_brate, Q1)","inc(tx_pckts, Q3)","inc(dl_buffer, Q2)"
197,2,"const(prb, C4)",const(sched),"inc(tx_brate, Q3)","const(tx_pckts, Q2)","const(dl_buffer, Q1)"
198,0,"const(prb, C1)",const(sched),"const(tx_brate, Q4)","const(tx_pckts, Q4)","const(dl_buffer, Q4)"
198,1,"const(prb, C1)",const(sched),"inc(tx_brate, Q2)","inc(tx_pckts, Q3)","dec(dl_buffer, Q2)"
198,2,"const(prb, C4)",const(sched),"const(tx_brate, Q3)","const(tx_pckts, Q2)","inc(dl_buffer, Q2)"
199,0,"const(prb, C1)",const(sched),"const(tx_brate, Q4)","const(tx_pckts, Q4)","const(dl_buffer, Q4)"
199,1,"const(prb, C1)",const(sched),"dec(tx_brate, Q1)","dec(tx_pckts, Q2)","dec(dl_buffer, Q1)"
199,2,"const(prb, C4)",const(sched),"inc(tx_brate, Q3)","const(tx_pckts, Q2)","dec(dl_buffer, Q1)"
200,0,"const(prb, C1)",const(sched),"const(tx_brate, Q4)","const(tx_pckts, Q4)","const(dl_buffer, Q4)"
200,1,"const(prb, C1)",const(sched),"inc(tx_brate, Q1)","inc(tx_pckts, Q3)","inc(dl_buffer, Q2)"
200,2,"const(prb, C4)",const(sched),"dec(tx_brate, Q2)","const(tx_pckts, Q1)","const(dl_buffer, Q1)"
201,0,"const(prb, C1)",const(sched),"const(tx_brate, Q4)","const(tx_pckts, Q4)","const(dl_buffer, Q4)"
201,1,"const(prb, C1)",const(sched),"const(tx_brate, Q2)","const(tx_pckts, Q2)","dec(dl_buffer, Q1)"
201,2,"const(prb, C4)",const(sched),"const(tx_brate, Q3)","inc(tx_pckts, Q2)","inc(dl_buffer, Q2)"
202,0,"const(prb, C1)",const(sched),"const(tx_brate, Q4)","const(tx_pckts, Q4)","const(dl_buffer, Q4)"
202,1,"const(prb, C1)",const(sched),"const(tx_brate, Q1)","const(tx_pckts, Q2)","inc(dl_buffer, Q2)"
202,2,"const(prb, C4)",const(sched),"dec(tx_brate, Q2)","dec(tx_pckts, Q1)","dec(dl_buffer, Q1)"
203,0,"const(prb, C1)",const(sched),"inc(tx_brate, Q4)","const(tx_pckts, Q4)","const(dl_buffer, Q4)"
203,1,"const(prb, C1)",const(sched),"const(tx_brate, Q1)","const(tx_pckts, Q2)","dec(dl_buffer, Q2)"
203,2,"const(prb, C4)",const(sched),"inc(tx_brate, Q3)","inc(tx_pckts, Q2)","const(dl_buffer, Q1)"
204,0,"const(prb, C1)",const(sched),"dec(tx_brate, Q4)","const(tx_pckts, Q4)","const(dl_buffer, Q4)"
204,1,"const(prb, C1)",const(sched),"inc(tx_brate, Q1)","inc(tx_pckts, Q3)","inc(dl_buffer, Q2)"
204,2,"const(prb, C4)",const(sched),"dec(tx_brate, Q3)","const(tx_pckts, Q2)","const(dl_buffer, Q1)"
205,0,"const(prb, C1)",const(sched),"const(tx_brate, Q4)","const(tx_pckts, Q4)","const(dl_buffer, Q4)"
205,1,"const(prb, C1)",const(sched),"dec(tx_brate, Q1)","dec(tx_pckts, Q3)","inc(dl_buffer, Q2)"
205,2,"const(prb, C4)",const(sched),"dec(tx_brate, Q2)","const(tx_pckts, Q2)","const(dl_buffer, Q1)"
206,0,"const(prb, C1)",const(sched),"const(tx_brate, Q4)","const(tx_pckts, Q4)","const(dl_buffer, Q4)"
206,1,"const(prb, C1)",const(sched),"const(tx_brate, Q1)","dec(tx_pckts, Q1)","dec(dl_buffer, Q1)"
206,2,"const(prb, C4)",const(sched),"const(tx_brate, Q2)","const(tx_pckts, Q1)","const(dl_buffer, Q1)"
207,0,"const(prb, C1)",const(sched),"inc(tx_brate, Q4)","const(tx_pckts, Q4)","const(dl_buffer, Q4)"
207,1,"const(prb, C1)",const(sched),"const(tx_brate, Q1)","const(tx_pckts, Q1)","inc(dl_buffer, Q2)"
207,2,"const(prb, C4)",const(sched),"const(tx_brate, Q2)","const(tx_pckts, Q1)","const(dl_buffer, Q1)"
208,0,"const(prb, C1)",const(sched),"dec(tx_brate, Q4)","const(tx_pckts, Q4)","const(dl_buffer, Q4)"
208,1,"const(prb, C1)",const(sched),"const(tx_brate, Q1)","inc(tx_pckts, Q2)","dec(dl_buffer, Q1)"
208,2,"const(prb, C4)",const(sched),"const(tx_brate, Q2)","const(tx_pckts, Q1)","const(dl_buffer, Q1)"
209,0,"const(prb, C1)",const(sched),"const(tx_brate, Q4)","const(tx_pckts, Q4)","const(dl_buffer, Q4)"
209,1,"const(prb, C1)",const(sched),"const(tx_brate, Q2)","inc(tx_pckts, Q3)","const(dl_buffer, Q1)"
209,2,"const(prb, C4)",const(sched),"inc(tx_brate, Q2)","const(tx_pckts, Q1)","const(dl_buffer, Q1)"
210,0,"const(prb, C1)",const(sched),"const(tx_brate, Q4)","const(tx_pckts, Q4)","const(dl_buffer, Q4)"
210,1,"const(prb, C1)",const(sched),"dec(tx_brate, Q1)","dec(tx_pckts, Q1)","inc(dl_buffer, Q2)"
210,2,"const(prb, C4)",const(sched),"const(tx_brate, Q3)","const(tx_pckts, Q2)","inc(dl_buffer, Q2)"
211,0,"const(prb, C1)",const(sched),"dec(tx_brate, Q4)","const(tx_pckts, Q4)","const(dl_buffer, Q4)"
211,1,"const(prb, C1)",const(sched),"inc(tx_brate, Q2)","inc(tx_pckts, Q3)","dec(dl_buffer, Q1)"
211,2,"const(prb, C4)",const(sched),"const(tx_brate, Q2)","dec(tx_pckts, Q1)","dec(dl_buffer, Q1)"
212,0,"const(prb, C1)",const(sched),"const(tx_brate, Q4)","const(tx_pckts, Q4)","const(dl_buffer, Q4)"
212,1,"const(prb, C1)",const(sched),"dec(tx_brate, Q1)","dec(tx_pckts, Q3)","inc(dl_buffer, Q2)"
212,2,"const(prb, C4)",const(sched),"const(tx_brate, Q2)","const(tx_pckts, Q1)","const(dl_buffer, Q1)"
213,0,"const(prb, C1)",const(sched),"const(tx_brate, Q4)","const(tx_pckts, Q4)","const(dl_buffer, Q4)"
213,1,"const(prb, C1)",const(sched),"dec(tx_brate, Q1)","dec(tx_pckts, Q2)","dec(dl_buffer, Q1)"
213,2,"const(prb, C4)",const(sched),"inc(tx_brate, Q2)","const(tx_pckts, Q1)","const(dl_buffer, Q1)"
214,0,"const(prb, C1)",const(sched),"const(tx_brate, Q4)","const(tx_pckts, Q4)","const(dl_buffer, Q4)"
214,1,"const(prb, C1)",const(sched),"inc(tx_brate, Q1)","dec(tx_pckts, Q1)","const(dl_buffer, Q1)"
214,2,"const(prb, C4)",const(sched),"const(tx_brate, Q3)","const(tx_pckts, Q2)","const(dl_buffer, Q1)"
215,0,"const(prb, C1)",const(sched),"inc(tx_brate, Q4)","const(tx_pckts, Q4)","const(dl_buffer, Q4)"
215,1,"const(prb, C1)",const(sched),"const(tx_brate, Q1)","inc(tx_pckts, Q3)","const(dl_buffer, Q1)"
215,2,"const(prb, C4)",const(sched),"const(tx_brate, Q3)","inc(tx_pckts, Q3)","const(dl_buffer, Q1)"
216,0,"const(prb, C1)",const(sched),"const(tx_brate, Q4)","const(tx_pckts, Q4)","const(dl_buffer, Q4)"
216,1,"const(prb, C1)",const(sched),"const(tx_brate, Q1)","const(tx_pckts, Q2)","inc(dl_buffer, Q2)"
216,2,"const(prb, C4)",const(sched),"dec(tx_brate, Q2)","dec(tx_pckts, Q1)","const(dl_buffer, Q1)"
217,0,"const(prb, C1)",const(sched),"const(tx_brate, Q4)","const(tx_pckts, Q4)","const(dl_buffer, Q4)"
217,1,"const(prb, C1)",const(sched),"inc(tx_brate, Q2)","inc(tx_pckts, Q3)","inc(dl_buffer, Q2)"
217,2,"const(prb, C4)",const(sched),"const(tx_brate, Q2)","const(tx_pckts, Q1)","const(dl_buffer, Q1)"
218,0,"const(prb, C1)",const(sched),"const(tx_brate, Q4)","const(tx_pckts, Q4)","const(dl_buffer, Q4)"
218,1,"const(prb, C1)",const(sched),"dec(tx_brate, Q1)","const(tx_pckts, Q3)","dec(dl_buffer, Q2)"
218,2,"const(prb, C4)",const(sched),"inc(tx_brate, Q3)","inc(tx_pckts, Q2)","const(dl_buffer, Q1)"
219,0,"const(prb, C1)",const(sched),"const(tx_brate, Q4)","const(tx_pckts, Q4)","const(dl_buffer, Q4)"
219,1,"const(prb, C1)",const(sched),"inc(tx_brate, Q1)","const(tx_pckts, Q3)","dec(dl_buffer, Q2)"
219,2,"const(prb, C4)",const(sched),"dec(tx_brate, Q2)","dec(tx_pckts, Q1)","const(dl_buffer, Q1)"
220,0,"const(prb, C1)",const(sched),"inc(tx_brate, Q4)","const(tx_pckts, Q4)","const(dl_buffer, Q4)"
220,1,"const(prb, C1)",const(sched),"dec(tx_brate, Q1)","dec(tx_pckts, Q1)","dec(dl_buffer, Q1)"
220,2,"const(prb, C4)",const(sched),"const(tx_brate, Q3)","const(tx_pckts, Q2)","const(dl_buffer, Q1)"
221,0,"const(prb, C1)",const(sched),"const(tx_brate, Q4)","const(tx_pckts, Q4)","const(dl_buffer, Q4)"
221,1,"const(prb, C1)",const(sched),"inc(tx_brate, Q2)","inc(tx_pckts, Q3)","inc(dl_buffer, Q2)"
221,2,"const(prb, C4)",const(sched),"const(tx_brate, Q2)","const(tx_pckts, Q1)","const(dl_buffer, Q1)"
222,0,"const(prb, C1)",const(sched),"const(tx_brate, Q4)","const(tx_pckts, Q4)","const(dl_buffer, Q4)"
222,1,"const(prb, C1)",const(sched),"dec(tx_brate, Q1)","dec(tx_pckts, Q1)","dec(dl_buffer, Q1)"
222,2,"const(prb, C4)",const(sched),"inc(tx_brate, Q3)","const(tx_pckts, Q2)","inc(dl_buffer, Q2)"
223,0,"const(prb, C1)",const(sched),"const(tx_brate, Q4)","const(tx_pckts, Q4)","const(dl_buffer, Q4)"
223,1,"const(prb, C1)",const(sched),"inc(tx_brate, Q1)","inc(tx_pckts, Q2)","inc(dl_buffer, Q2)"
223,2,"const(prb, C4)",const(sched),"const(tx_brate, Q3)","const(tx_pckts, Q2)","inc(dl_buffer, Q2)"
224,0,"const(prb, C1)",const(sched),"dec(tx_brate, Q4)","const(tx_pckts, Q4)","const(dl_buffer, Q4)"
224,1,"const(prb, C1)",const(sched),"const(tx_brate, Q1)","const(tx_pckts, Q3)","inc(dl_buffer, Q2)"
224,2,"const(prb, C4)",const(sched),"const(tx_brate, Q2)","const(tx_pckts, Q2)","dec(dl_buffer, Q2)"
225,0,"const(prb, C1)",const(sched),"inc(tx_brate, Q4)","const(tx_pckts, Q4)","const(dl_buffer, Q4)"
225,1,"const(prb, C1)",const(sched),"const(tx_brate, Q1)","const(tx_pckts, Q3)","dec(dl_buffer, Q2)"
225,2,"const(prb, C4)",const(sched),"const(tx_brate, Q2)","const(tx_pckts, Q1)","dec(dl_buffer, Q1)"
226,0,"const(prb, C1)",const(sched),"const(tx_brate, Q4)","const(tx_pckts, Q4)","const(dl_buffer, Q4)"
226,1,"const(prb, C1)",const(sched),"const(tx_brate, Q1)","dec(tx_pckts, Q1)","dec(dl_buffer, Q1)"
226,2,"const(prb, C4)",const(sched),"dec(tx_brate, Q2)","dec(tx_pckts, Q1)","const(dl_buffer, Q1)"
227,0,"const(prb, C1)",const(sched),"dec(tx_brate, Q4)","const(tx_pckts, Q4)","const(dl_buffer, Q4)"
227,1,"const(prb, C1)",const(sched),"dec(tx_brate, Q1)","inc(tx_pckts, Q1)","const(dl_buffer, Q1)"
227,2,"const(prb, C4)",const(sched),"inc(tx_brate, Q3)","inc(tx_pckts, Q1)","inc(dl_buffer, Q2)"
228,0,"const(prb, C1)",const(sched),"const(tx_brate, Q4)","const(tx_pckts, Q4)","const(dl_buffer, Q4)"
228,1,"const(prb, C1)",const(sched),"inc(tx_brate, Q1)","const(tx_pckts, Q1)","inc(dl_buffer, Q2)"
228,2,"const(prb, C4)",const(sched),"const(tx_brate, Q3)","const(tx_pckts, Q2)","dec(dl_buffer, Q1)"
229,0,"const(prb, C1)",const(sched),"dec(tx_brate, Q4)","const(tx_pckts, Q4)","const(dl_buffer, Q4)"
229,1,"const(prb, C1)",const(sched),"const(tx_brate, Q1)","inc(tx_pckts, Q3)","dec(dl_buffer, Q1)"
229,2,"const(prb, C4)",const(sched),"const(tx_brate, Q3)","const(tx_pckts, Q2)","inc(dl_buffer, Q2)"
230,0,"const(prb, C1)",const(sched),"const(tx_brate, Q4)","const(tx_pckts, Q4)","const(dl_buffer, Q4)"
230,1,"const(prb, C1)",const(sched),"const(tx_brate, Q1)","const(tx_pckts, Q3)","inc(dl_buffer, Q2)"
230,2,"const(prb, C4)",const(sched),"inc(tx_brate, Q3)","inc(tx_pckts, Q3)","inc(dl_buffer, Q2)"
231,0,"const(prb, C1)",const(sched),"const(tx_brate, Q4)","const(tx_pckts, Q4)","const(dl_buffer, Q4)"
231,1,"const(prb, C1)",const(sched),"const(tx_brate, Q1)","dec(tx_pckts, Q1)","dec(dl_buffer, Q1)"
231,2,"const(prb, C4)",const(sched),"dec(tx_brate, Q2)","dec(tx_pckts, Q1)","const(dl_buffer, Q2)"
232,0,"const(prb, C1)",const(sched),"const(tx_brate, Q4)","const(tx_pckts, Q4)","const(dl_buffer, Q4)"
232,1,"const(prb, C1)",const(sched),"const(tx_brate, Q1)","inc(tx_pckts, Q3)","inc(dl_buffer, Q2)"
232,2,"const(prb, C4)",const(sched),"inc(tx_brate, Q2)","inc(tx_pckts, Q2)","dec(dl_buffer, Q1)"
233,0,"const(prb, C1)",const(sched),"const(tx_brate, Q4)","const(tx_pckts, Q4)","const(dl_buffer, Q4)"
233,1,"const(prb, C1)",const(sched),"const(tx_brate, Q2)","inc(tx_pckts, Q3)","dec(dl_buffer, Q2)"
233,2,"const(prb, C4)",const(sched),"const(tx_brate, Q2)","const(tx_pckts, Q2)","inc(dl_buffer, Q2)"
234,0,"const(prb, C1)",const(sched),"const(tx_brate, Q4)","const(tx_pckts, Q4)","const(dl_buffer, Q4)"
234,1,"const(prb, C1)",const(sched),"dec(tx_brate, Q1)","const(tx_pckts, Q3)","dec(dl_buffer, Q2)"
234,2,"const(prb, C4)",const(sched),"const(tx_brate, Q3)","const(tx_pckts, Q2)","dec(dl_buffer, Q1)"
235,0,"const(prb, C1)",const(sched),"inc(tx_brate, Q4)","const(tx_pckts, Q4)","const(dl_buffer, Q4)"
235,1,"const(prb, C1)",const(sched),"const(tx_brate, Q1)","dec(tx_pckts, Q1)","dec(dl_buffer, Q1)"
235,2,"const(prb, C4)",const(sched),"const(tx_brate, Q3)","const(tx_pckts, Q2)","inc(dl_buffer, Q2)"
236,0,"const(prb, C1)",const(sched),"const(tx_brate, Q4)","const(tx_pckts, Q4)","const(dl_buffer, Q4)"
236,1,"const(prb, C1)",const(sched),"inc(tx_brate, Q2)","inc(tx_pckts, Q2)","const(dl_buffer, Q1)"
236,2,"const(prb, C4)",const(sched),"dec(tx_brate, Q2)","const(tx_pckts, Q1)","dec(dl_buffer, Q1)"
237,0,"const(prb, C1)",const(sched),"const(tx_brate, Q4)","const(tx_pckts, Q4)","const(dl_buffer, Q4)"
237,1,"const(prb, C1)",const(sched),"const(tx_brate, Q2)","const(tx_pckts, Q3)","inc(dl_buffer, Q2)"
237,2,"const(prb, C4)",const(sched),"const(tx_brate, Q2)","const(tx_pckts, Q1)","const(dl_buffer, Q1)"
238,0,"const(prb, C1)",const(sched),"const(tx_brate, Q4)","const(tx_pckts, Q4)","const(dl_buffer, Q4)"
238,1,"const(prb, C1)",const(sched),"dec(tx_brate, Q1)","dec(tx_pckts, Q1)","const(dl_buffer, Q2)"
238,2,"const(prb, C4)",const(sched),"const(tx_brate, Q2)","const(tx_pckts, Q1)","const(dl_buffer, Q1)"
239,0,"const(prb, C1)",const(sched),"const(tx_brate, Q4)","const(tx_pckts, Q4)","const(dl_buffer, Q4)"
239,1,"const(prb, C1)",const(sched),"const(tx_brate, Q1)","const(tx_pckts, Q1)","dec(dl_buffer, Q1)"
239,2,"const(prb, C4)",const(sched),"inc(tx_brate, Q3)","inc(tx_pckts, Q3)","const(dl_buffer, Q1)"
240,0,"const(prb, C1)",const(sched),"inc(tx_brate, Q4)","const(tx_pckts, Q4)","const(dl_buffer, Q4)"
240,1,"const(prb, C1)",const(sched),"const(tx_brate, Q1)","const(tx_pckts, Q1)","inc(dl_buffer, Q2)"
240,2,"const(prb, C4)",const(sched),"const(tx_brate, Q3)","dec(tx_pckts, Q2)","inc(dl_buffer, Q2)"
241,0,"const(prb, C1)",const(sched),"const(tx_brate, Q4)","const(tx_pckts, Q4)","const(dl_buffer, Q4)"
241,1,"const(prb, C1)",const(sched),"inc(tx_brate, Q2)","const(tx_pckts, Q1)","inc(dl_buffer, Q2)"
241,2,"const(prb, C4)",const(sched),"inc(tx_brate, Q3)","inc(tx_pckts, Q2)","dec(dl_buffer, Q1)"
242,0,"const(prb, C1)",const(sched),"const(tx_brate, Q4)","const(tx_pckts, Q4)","const(dl_buffer, Q4)"
242,1,"const(prb, C1)",const(sched),"const(tx_brate, Q2)","inc(tx_pckts, Q3)","dec(dl_buffer, Q1)"
242,2,"const(prb, C4)",const(sched),"dec(tx_brate, Q2)","dec(tx_pckts, Q1)","const(dl_buffer, Q1)"
243,0,"const(prb, C1)",const(sched),"const(tx_brate, Q4)","const(tx_pckts, Q4)","const(dl_buffer, Q4)"
243,1,"const(prb, C1)",const(sched),"dec(tx_brate, Q1)","dec(tx_pckts, Q1)","inc(dl_buffer, Q2)"
243,2,"const(prb, C4)",const(sched),"const(tx_brate, Q2)","const(tx_pckts, Q1)","inc(dl_buffer, Q2)"
244,0,"const(prb, C1)",const(sched),"const(tx_brate, Q4)","const(tx_pckts, Q4)","const(dl_buffer, Q4)"
244,1,"const(prb, C1)",const(sched),"inc(tx_brate, Q1)","inc(tx_pckts, Q2)","dec(dl_buffer, Q2)"
244,2,"const(prb, C4)",const(sched),"inc(tx_brate, Q3)","const(tx_pckts, Q2)","dec(dl_buffer, Q1)"
245,0,"const(prb, C1)",const(sched),"const(tx_brate, Q4)","const(tx_pckts, Q4)","const(dl_buffer, Q4)"
245,1,"const(prb, C1)",const(sched),"dec(tx_brate, Q1)","const(tx_pckts, Q2)","dec(dl_buffer, Q1)"
245,2,"const(prb, C4)",const(sched),"const(tx_brate, Q3)","const(tx_pckts, Q2)","inc(dl_buffer, Q2)"
246,0,"const(prb, C1)",const(sched),"const(tx_brate, Q4)","const(tx_pckts, Q4)","const(dl_buffer, Q4)"
246,1,"const(prb, C1)",const(sched),"inc(tx_brate, Q1)","inc(tx_pckts, Q3)","const(dl_buffer, Q1)"
246,2,"const(prb, C4)",const(sched),"const(tx_brate, Q3)","const(tx_pckts, Q2)","inc(dl_buffer, Q2)"
247,0,"const(prb, C1)",const(sched),"const(tx_brate, Q4)","const(tx_pckts, Q4)","const(dl_buffer, Q4)"
247,1,"const(prb, C1)",const(sched),"dec(tx_brate, Q1)","const(tx_pckts, Q3)","inc(dl_buffer, Q2)"
247,2,"const(prb, C4)",const(sched),"dec(tx_brate, Q2)","dec(tx_pckts, Q1)","dec(dl_buffer, Q1)"
248,0,"inc(prb, C2)",toPF(sched),"const(tx_brate, Q4)","const(tx_pckts, Q4)","const(dl_buffer, Q4)"
248,1,"inc(prb, C2)",toWF(sched),"inc(tx_brate, Q2)","inc(tx_pckts, Q3)","const(dl_buffer, Q2)"
248,2,"dec(prb, C2)",toWF(sched),"inc(tx_brate, Q3)","inc(tx_pckts, Q2)","inc(dl_buffer, Q2)"
249,0,"dec(prb, C1)",toWF(sched),"inc(tx_brate, Q4)","const(tx_pckts, Q4)","dec(dl_buffer, Q3)"
249,1,"dec(prb, C1)",toPF(sched),"dec(tx_brate, Q1)","dec(tx_pckts, Q1)","dec(dl_buffer, Q1)"
249,2,"inc(prb, C4)",toRR(sched),"dec(tx_brate, Q2)","inc(tx_pckts, Q3)","inc(dl_buffer, Q2)"
250,0,"inc(prb, C2)",const(sched),"dec(tx_brate, Q4)","const(tx_pckts, Q4)","inc(dl_buffer, Q3)"
250,1,"inc(prb, C2)",const(sched),"const(tx_brate, Q1)","const(tx_pckts, Q2)","inc(dl_buffer, Q2)"
250,2,"dec(prb, C3)",const(sched),"inc(tx_brate, Q3)","const(tx_pckts, Q3)","inc(dl_buffer, Q2)"
251,0,"dec(prb, C1)",const(sched),"inc(tx_brate, Q4)","inc(tx_pckts, Q4)","dec(dl_buffer, Q3)"
251,1,"dec(prb, C1)",const(sched),"dec(tx_brate, Q1)","dec(tx_pckts, Q1)","dec(dl_buffer, Q1)"
251,2,"inc(prb, C4)",const(sched),"dec(tx_brate, Q2)","dec(tx_pckts, Q1)","dec(dl_buffer, Q1)"
252,0,"const(prb, C1)",const(sched),"dec(tx_brate, Q4)","const(tx_pckts, Q4)","inc(dl_buffer, Q3)"
252,1,"const(prb, C1)",const(sched),"inc(tx_brate, Q1)","inc(tx_pckts, Q3)","inc(dl_buffer, Q2)"
252,2,"const(prb, C4)",const(sched),"inc(tx_brate, Q2)","inc(tx_pckts, Q1)","inc(dl_buffer, Q2)"
253,0,"const(prb, C1)",const(sched),"dec(tx_brate, Q4)","const(tx_pckts, Q4)","inc(dl_buffer, Q4)"
253,1,"const(prb, C1)",const(sched),"dec(tx_brate, Q1)","dec(tx_pckts, Q1)","dec(dl_buffer, Q2)"
253,2,"const(prb, C4)",const(sched),"inc(tx_brate, Q3)","inc(tx_pckts, Q3)","dec(dl_buffer, Q1)"
254,0,"const(prb, C1)",const(sched),"const(tx_brate, Q4)","const(tx_pckts, Q4)","const(dl_buffer, Q4)"
254,1,"const(prb, C1)",const(sched),"const(tx_brate, Q1)","inc(tx_pckts, Q3)","dec(dl_buffer, Q2)"
254,2,"const(prb, C4)",const(sched),"dec(tx_brate, Q2)","dec(tx_pckts, Q1)","const(dl_buffer, Q1)"
255,0,"const(prb, C1)",const(sched),"inc(tx_brate, Q4)","const(tx_pckts, Q4)","const(dl_buffer, Q4)"
255,1,"const(prb, C1)",const(sched),"const(tx_brate, Q1)","dec(tx_pckts, Q2)","inc(dl_buffer, Q2)"
255,2,"const(prb, C4)",const(sched),"const(tx_brate, Q2)","const(tx_pckts, Q1)","const(dl_buffer, Q1)"
256,0,"const(prb, C1)",const(sched),"const(tx_brate, Q4)","const(tx_pckts, Q4)","const(dl_buffer, Q4)"
256,1,"const(prb, C1)",const(sched),"inc(tx_brate, Q1)","inc(tx_pckts, Q3)","dec(dl_buffer, Q2)"
256,2,"const(prb, C4)",const(sched),"const(tx_brate, Q3)","inc(tx_pckts, Q2)","const(dl_buffer, Q1)"
257,0,"const(prb, C1)",const(sched),"const(tx_brate, Q4)","const(tx_pckts, Q4)","const(dl_buffer, Q4)"
257,1,"const(prb, C1)",const(sched),"const(tx_brate, Q1)","dec(tx_pckts, Q1)","dec(dl_buffer, Q1)"
257,2,"const(prb, C4)",const(sched),"dec(tx_brate, Q2)","dec(tx_pckts, Q1)","inc(dl_buffer, Q2)"
